-- MySQL dump 10.13  Distrib 8.0.23, for Linux (x86_64)
--
-- Host: localhost    Database: VK
-- ------------------------------------------------------
-- Server version	8.0.23-0ubuntu0.20.10.1

/*!40101 SET @OLD_CHARACTER_SET_CLIENT=@@CHARACTER_SET_CLIENT */;
/*!40101 SET @OLD_CHARACTER_SET_RESULTS=@@CHARACTER_SET_RESULTS */;
/*!40101 SET @OLD_COLLATION_CONNECTION=@@COLLATION_CONNECTION */;
/*!50503 SET NAMES utf8mb4 */;
/*!40103 SET @OLD_TIME_ZONE=@@TIME_ZONE */;
/*!40103 SET TIME_ZONE='+00:00' */;
/*!40014 SET @OLD_UNIQUE_CHECKS=@@UNIQUE_CHECKS, UNIQUE_CHECKS=0 */;
/*!40014 SET @OLD_FOREIGN_KEY_CHECKS=@@FOREIGN_KEY_CHECKS, FOREIGN_KEY_CHECKS=0 */;
/*!40101 SET @OLD_SQL_MODE=@@SQL_MODE, SQL_MODE='NO_AUTO_VALUE_ON_ZERO' */;
/*!40111 SET @OLD_SQL_NOTES=@@SQL_NOTES, SQL_NOTES=0 */;

--
-- Table structure for table `communities`
--

DROP TABLE IF EXISTS `communities`;
/*!40101 SET @saved_cs_client     = @@character_set_client */;
/*!50503 SET character_set_client = utf8mb4 */;
CREATE TABLE `communities` (
  `id` int unsigned NOT NULL AUTO_INCREMENT COMMENT 'Идентификатор строки',
  `name` varchar(150) CHARACTER SET utf8mb4 COLLATE utf8mb4_unicode_ci NOT NULL COMMENT 'Название группы',
  `created_at` datetime DEFAULT CURRENT_TIMESTAMP COMMENT 'Время создания строки',
  `updated_at` datetime DEFAULT CURRENT_TIMESTAMP ON UPDATE CURRENT_TIMESTAMP COMMENT 'Время обновления строки',
  PRIMARY KEY (`id`),
  UNIQUE KEY `name` (`name`)
) ENGINE=InnoDB AUTO_INCREMENT=101 DEFAULT CHARSET=utf8mb4 COLLATE=utf8mb4_unicode_ci COMMENT='Группы';
/*!40101 SET character_set_client = @saved_cs_client */;

--
-- Dumping data for table `communities`
--

LOCK TABLES `communities` WRITE;
/*!40000 ALTER TABLE `communities` DISABLE KEYS */;
INSERT INTO `communities` VALUES (1,'Abshire-Jast','2013-09-27 14:42:11','2014-04-29 16:05:39'),(2,'Nolan, Berge and Fahey','2019-11-14 19:56:21','2021-04-24 17:53:37'),(3,'Wilkinson-Skiles','2014-06-24 03:04:06','2015-07-05 05:18:41'),(4,'Morar, Abbott and Dooley','2012-07-24 15:19:12','2021-03-12 05:03:49'),(5,'Bahringer, Franecki and Murazik','2012-08-20 23:18:31','2021-04-24 17:53:37'),(6,'Wilkinson, Swift and Boyle','2013-07-24 23:28:25','2017-11-11 19:26:37'),(7,'Rolfson-Stark','2014-06-24 01:58:11','2020-10-25 17:06:24'),(8,'Nikolaus-Mann','2017-01-21 18:52:35','2021-04-24 17:53:37'),(9,'Graham, Donnelly and Runolfsson','2016-10-13 20:33:50','2021-04-24 17:53:37'),(10,'Huel, Wisozk and Schulist','2015-01-27 21:11:00','2015-05-04 10:39:24'),(11,'Wintheiser, Gerhold and Lockman','2014-06-03 03:00:08','2015-01-30 00:42:34'),(12,'Walker-Kemmer','2017-05-08 19:07:12','2021-04-24 17:53:37'),(13,'Treutel, Bauch and Reichel','2017-12-31 16:13:07','2021-04-24 17:53:37'),(14,'Heller, Jacobi and Rutherford','2019-04-15 17:40:16','2021-04-24 17:53:37'),(15,'Funk PLC','2012-04-28 05:11:40','2019-06-17 09:22:49'),(16,'Hickle, Shanahan and Bins','2012-02-06 16:35:31','2021-04-24 17:53:37'),(17,'Ankunding-Nader','2019-06-08 09:40:18','2021-04-24 17:53:37'),(18,'Ryan, Hane and Mosciski','2013-04-06 18:54:25','2015-04-09 05:14:38'),(19,'Stokes, Ortiz and Gislason','2020-03-17 14:40:55','2021-04-24 17:53:37'),(20,'Eichmann-Daugherty','2015-07-15 20:05:07','2020-02-08 18:18:01'),(21,'Hodkiewicz-VonRueden','2021-02-15 07:51:47','2021-04-24 17:53:37'),(22,'Murray, Stamm and Bernier','2017-09-14 13:37:25','2021-04-24 17:53:37'),(23,'Kuhn, Schroeder and Bailey','2016-06-16 04:57:09','2020-04-15 13:27:10'),(24,'Bechtelar LLC','2015-04-11 22:09:24','2017-04-09 21:35:12'),(25,'Mosciski Ltd','2013-12-30 16:05:54','2021-04-24 17:53:37'),(26,'Hyatt-Terry','2013-10-20 17:09:03','2015-07-04 00:43:27'),(27,'Daniel-Auer','2014-05-07 16:08:07','2014-11-22 16:40:32'),(28,'Howell PLC','2018-11-03 22:04:16','2020-05-12 22:03:41'),(29,'Williamson PLC','2020-06-06 21:40:26','2021-04-24 17:53:37'),(30,'Quitzon-Schuppe','2013-12-31 23:12:33','2015-06-25 02:36:52'),(31,'Halvorson-Kuhic','2018-04-28 22:20:10','2021-04-24 17:53:37'),(32,'Schmidt, Schmidt and Blanda','2013-09-24 13:16:42','2013-11-07 15:45:25'),(33,'Wiza Inc','2014-03-28 08:06:52','2021-04-24 17:53:37'),(34,'Hegmann Ltd','2021-01-07 05:53:11','2021-04-24 17:53:37'),(35,'Buckridge, Klocko and Kohler','2019-07-31 23:38:14','2019-09-05 05:37:55'),(36,'McGlynn-Gerlach','2016-07-04 11:57:15','2018-03-18 16:41:35'),(37,'Kassulke-VonRueden','2017-02-12 07:12:20','2021-04-24 17:53:37'),(38,'Robel Inc','2014-01-27 04:09:07','2021-01-01 08:38:32'),(39,'Pouros-D\'Amore','2012-08-13 04:04:48','2014-12-16 01:24:04'),(40,'Hintz-Leannon','2016-07-27 16:31:37','2021-04-24 17:53:37'),(41,'Aufderhar Group','2011-08-06 20:18:39','2013-07-24 11:17:35'),(42,'Willms Ltd','2019-01-05 18:15:10','2020-10-18 17:32:17'),(43,'Reynolds PLC','2015-04-27 12:50:44','2016-12-31 01:54:42'),(44,'Yundt Ltd','2013-11-25 00:29:15','2016-12-14 20:00:40'),(45,'Christiansen-Hermann','2013-03-08 14:04:28','2017-01-19 11:46:59'),(46,'Osinski, Hickle and Dicki','2018-04-28 09:07:24','2021-04-24 17:53:37'),(47,'McCullough Ltd','2012-08-27 13:48:18','2019-03-02 01:56:22'),(48,'Shields-Beer','2018-10-18 08:30:55','2021-04-24 17:53:37'),(49,'Carter-Kutch','2020-06-07 07:51:07','2021-04-24 17:53:37'),(50,'Padberg-Schmidt','2018-12-25 09:53:12','2019-09-21 16:32:03'),(51,'Brakus PLC','2020-12-05 19:00:19','2021-04-24 17:53:37'),(52,'Corwin-Cole','2018-07-25 10:18:50','2021-04-24 17:53:37'),(53,'Cronin Ltd','2013-01-05 06:38:55','2015-02-18 16:56:31'),(54,'McGlynn, Terry and Metz','2012-12-16 19:53:24','2015-12-28 18:23:44'),(55,'Gleason, Mills and Kuvalis','2013-08-25 10:32:46','2014-05-16 21:14:14'),(56,'Bashirian-Casper','2020-03-05 06:37:06','2021-04-24 17:53:37'),(57,'Becker, Rolfson and Bechtelar','2019-06-27 07:03:03','2021-04-24 17:53:37'),(58,'Schulist PLC','2016-11-30 04:34:05','2021-04-24 17:53:37'),(59,'Schmidt, Kunde and Keeling','2012-04-24 21:24:50','2017-10-04 04:26:28'),(60,'Abernathy, Harber and Hoeger','2016-10-17 12:38:39','2021-04-24 17:53:37'),(61,'Skiles-Christiansen','2017-04-25 00:58:10','2021-04-24 17:53:37'),(62,'Skiles, Morar and Marvin','2015-01-20 19:55:42','2018-08-19 07:06:35'),(63,'Bashirian-Von','2013-04-25 16:13:28','2019-06-24 17:50:29'),(64,'Gleichner, Block and Johnston','2011-08-10 20:44:19','2020-05-31 09:22:33'),(65,'Harris-Schmeler','2012-10-14 19:20:34','2020-05-10 02:14:50'),(66,'Stark-Willms','2016-09-07 08:33:41','2021-04-24 17:53:37'),(67,'Murphy and Sons','2015-06-20 09:26:57','2021-04-24 17:53:37'),(68,'Monahan, Prohaska and Christiansen','2013-06-01 17:25:47','2021-04-24 17:53:37'),(69,'Predovic, Moore and Kozey','2013-09-22 03:26:08','2021-04-24 17:53:37'),(70,'Oberbrunner, Gorczany and Green','2016-06-25 18:13:18','2020-02-05 23:14:11'),(71,'Paucek-Satterfield','2018-03-01 13:43:18','2020-10-19 12:08:26'),(72,'Greenfelder LLC','2021-03-12 07:51:22','2021-04-24 17:53:37'),(73,'Schulist and Sons','2014-03-23 05:29:19','2021-04-24 17:53:37'),(74,'Fisher-Runte','2013-08-14 06:57:56','2020-12-04 00:30:49'),(75,'Ernser-Pfeffer','2019-01-27 21:45:54','2019-10-07 03:11:23'),(76,'Ledner, Schinner and Wilderman','2011-08-09 06:24:24','2018-12-04 16:48:22'),(77,'Franecki Ltd','2016-11-07 06:38:16','2021-04-24 17:53:37'),(78,'Macejkovic-Jones','2013-03-23 21:16:06','2021-04-24 17:53:37'),(79,'Doyle Ltd','2016-07-16 05:16:01','2019-06-13 14:04:35'),(80,'Yost, Carter and Grant','2016-07-29 20:20:22','2021-04-24 17:53:37'),(81,'Swaniawski LLC','2018-01-15 23:19:02','2021-04-24 17:53:37'),(82,'Pacocha-Hodkiewicz','2017-01-25 20:31:10','2021-04-24 17:53:37'),(83,'Muller, Wilkinson and Kessler','2015-07-04 15:57:12','2018-08-26 06:12:49'),(84,'Frami-Mante','2014-09-03 10:35:13','2021-04-24 17:53:37'),(85,'Bartoletti Group','2018-05-21 03:52:07','2020-11-27 22:51:38'),(86,'Jacobi and Sons','2014-08-14 00:21:15','2021-04-24 17:53:37'),(87,'Swift Ltd','2014-04-25 08:36:51','2021-04-24 17:53:37'),(88,'Quigley Inc','2012-02-27 19:21:23','2014-02-20 09:43:42'),(89,'Stamm, Wiegand and Jones','2019-01-25 13:48:40','2021-04-24 17:53:37'),(90,'Durgan Ltd','2012-11-11 09:19:44','2015-06-21 02:45:48'),(91,'Erdman Group','2018-03-26 15:53:25','2021-04-24 17:53:37'),(92,'Stiedemann, Kuhn and Predovic','2019-01-01 19:29:39','2021-04-24 17:53:37'),(93,'D\'Amore PLC','2013-08-15 22:28:19','2021-04-24 17:53:37'),(94,'Schultz-Aufderhar','2018-10-15 00:39:36','2020-01-07 16:51:52'),(95,'Casper-Greenholt','2013-09-19 03:23:37','2015-02-10 16:40:22'),(96,'Quitzon PLC','2011-08-10 02:13:40','2016-08-12 04:33:08'),(97,'Adams, Dicki and McClure','2016-05-21 17:16:17','2019-04-23 14:27:05'),(98,'Hartmann-Dach','2011-10-07 08:20:47','2021-04-24 17:53:37'),(99,'Mosciski PLC','2011-07-03 03:43:51','2014-04-29 06:01:16'),(100,'Schaefer-Homenick','2011-12-16 23:31:45','2017-05-13 10:19:02');
/*!40000 ALTER TABLE `communities` ENABLE KEYS */;
UNLOCK TABLES;

--
-- Table structure for table `communities_user`
--

DROP TABLE IF EXISTS `communities_user`;
/*!40101 SET @saved_cs_client     = @@character_set_client */;
/*!50503 SET character_set_client = utf8mb4 */;
CREATE TABLE `communities_user` (
  `community_id` int unsigned NOT NULL COMMENT 'Ссылка на группу',
  `user_id` int unsigned NOT NULL COMMENT 'Ссылка на пользователя',
  `created_at` datetime DEFAULT CURRENT_TIMESTAMP COMMENT 'Время создания строки',
  PRIMARY KEY (`community_id`,`user_id`) COMMENT 'Составной первичный ключ'
) ENGINE=InnoDB DEFAULT CHARSET=utf8mb4 COLLATE=utf8mb4_unicode_ci COMMENT='Участники групп, связь между пользователями и группами';
/*!40101 SET character_set_client = @saved_cs_client */;

--
-- Dumping data for table `communities_user`
--

LOCK TABLES `communities_user` WRITE;
/*!40000 ALTER TABLE `communities_user` DISABLE KEYS */;
INSERT INTO `communities_user` VALUES (1,40,'2017-03-07 00:24:41'),(1,87,'2014-04-27 06:26:34'),(4,27,'2021-01-04 01:43:00'),(4,40,'2021-04-10 16:09:16'),(5,6,'2011-05-27 13:23:54'),(5,24,'2014-10-29 18:27:05'),(6,22,'2013-04-23 07:59:00'),(8,14,'2017-05-15 10:13:27'),(8,54,'2019-07-11 03:34:25'),(9,2,'2016-10-08 22:32:16'),(10,60,'2020-03-20 05:12:25'),(11,58,'2012-08-30 13:55:43'),(12,25,'2014-03-24 16:26:17'),(12,68,'2020-02-06 12:22:54'),(13,56,'2013-02-03 22:34:45'),(16,77,'2019-09-06 14:27:44'),(17,21,'2013-02-09 16:59:53'),(18,28,'2017-07-02 23:53:08'),(18,55,'2014-01-18 17:19:19'),(18,76,'2016-12-29 10:17:51'),(19,7,'2016-11-12 12:38:41'),(20,81,'2017-02-07 08:07:27'),(21,52,'2014-02-11 05:38:47'),(21,67,'2020-02-20 14:20:21'),(22,93,'2016-06-07 09:35:16'),(23,45,'2011-04-26 04:44:01'),(24,43,'2020-12-10 10:14:31'),(24,91,'2019-12-09 03:15:49'),(25,91,'2013-04-14 12:40:37'),(27,2,'2011-09-13 09:47:50'),(27,11,'2019-08-19 20:53:21'),(27,66,'2011-08-25 09:17:36'),(27,91,'2017-09-10 08:37:27'),(28,58,'2011-04-23 07:18:35'),(28,67,'2013-11-10 15:34:10'),(30,10,'2019-05-01 17:58:23'),(31,58,'2019-06-17 14:26:06'),(32,6,'2011-12-20 09:50:00'),(32,44,'2020-04-21 07:01:22'),(32,45,'2019-07-10 02:30:13'),(33,75,'2013-05-15 21:01:05'),(36,44,'2015-08-02 11:53:46'),(37,22,'2021-03-25 01:26:11'),(37,62,'2018-02-09 10:33:52'),(38,81,'2014-07-29 21:05:52'),(39,94,'2011-05-24 10:31:01'),(40,67,'2011-12-29 00:46:14'),(41,71,'2018-08-02 03:08:33'),(41,81,'2021-04-08 00:37:10'),(42,74,'2018-02-09 22:22:18'),(42,79,'2020-01-04 12:22:12'),(44,40,'2019-10-15 06:58:34'),(46,69,'2020-06-15 21:37:21'),(47,43,'2015-02-17 20:15:04'),(48,70,'2013-09-19 00:47:03'),(48,99,'2013-03-18 04:08:36'),(49,34,'2021-02-07 20:57:53'),(51,6,'2015-03-12 02:55:08'),(51,57,'2021-02-21 09:33:23'),(51,81,'2015-02-12 21:32:40'),(52,15,'2015-03-02 10:28:00'),(52,44,'2011-07-03 00:28:52'),(52,89,'2019-05-04 04:31:28'),(57,47,'2011-09-23 20:41:59'),(58,45,'2014-11-25 09:02:07'),(59,2,'2017-02-05 07:50:54'),(61,89,'2017-02-01 13:49:18'),(61,90,'2015-08-27 09:14:42'),(62,28,'2017-02-03 11:18:10'),(62,71,'2011-07-03 06:36:18'),(63,35,'2020-03-03 14:26:20'),(65,7,'2018-03-10 17:34:07'),(65,88,'2016-09-14 07:26:38'),(66,57,'2011-07-27 14:54:21'),(69,65,'2020-06-03 15:42:47'),(72,38,'2017-09-13 03:42:22'),(73,6,'2020-08-19 20:53:06'),(73,69,'2020-02-01 19:50:18'),(74,41,'2020-11-08 00:14:30'),(76,72,'2017-06-28 20:10:01'),(76,76,'2014-03-05 22:34:58'),(78,41,'2014-01-29 22:30:16'),(79,46,'2011-05-10 13:11:15'),(79,64,'2011-10-25 08:24:59'),(79,78,'2011-06-02 15:46:12'),(80,53,'2017-08-16 20:07:48'),(82,4,'2021-03-14 16:18:21'),(82,85,'2016-09-21 19:35:29'),(84,4,'2012-11-14 13:09:29'),(84,81,'2016-12-17 10:30:17'),(87,44,'2014-09-21 11:24:38'),(87,50,'2016-11-15 09:26:07'),(87,59,'2016-03-02 23:52:45'),(91,97,'2011-11-08 03:51:28'),(93,85,'2014-09-07 23:04:47'),(94,78,'2012-10-23 00:03:39'),(97,59,'2019-04-02 17:43:25'),(98,40,'2016-12-05 18:28:18'),(98,74,'2017-08-19 18:37:54'),(100,100,'2019-09-18 19:46:32');
/*!40000 ALTER TABLE `communities_user` ENABLE KEYS */;
UNLOCK TABLES;

--
-- Table structure for table `friendship`
--

DROP TABLE IF EXISTS `friendship`;
/*!40101 SET @saved_cs_client     = @@character_set_client */;
/*!50503 SET character_set_client = utf8mb4 */;
CREATE TABLE `friendship` (
  `user_id` int unsigned NOT NULL COMMENT 'Ссылка на инициатора дружеских отношений',
  `friend_id` int unsigned NOT NULL COMMENT 'Ссылка на получателя приглашения дружить',
  `friendship_status_id` int unsigned NOT NULL COMMENT 'Ссылка на статус дружеских отношений',
  `confirmed_at` datetime DEFAULT NULL COMMENT 'Время подтверждения приглашения',
  `created_at` datetime DEFAULT CURRENT_TIMESTAMP COMMENT 'Время создания строки',
  `updated_at` datetime DEFAULT CURRENT_TIMESTAMP ON UPDATE CURRENT_TIMESTAMP COMMENT 'Время обновления строки',
  PRIMARY KEY (`user_id`,`friend_id`) COMMENT 'Составной первичный ключ'
) ENGINE=InnoDB DEFAULT CHARSET=utf8mb4 COLLATE=utf8mb4_unicode_ci COMMENT='Таблица дружбы';
/*!40101 SET character_set_client = @saved_cs_client */;

--
-- Dumping data for table `friendship`
--

LOCK TABLES `friendship` WRITE;
/*!40000 ALTER TABLE `friendship` DISABLE KEYS */;
INSERT INTO `friendship` VALUES (2,45,3,'2020-09-25 15:27:25','2021-04-05 06:17:50','2021-04-24 19:08:35'),(2,78,2,'2021-02-05 05:02:22','2020-11-16 16:22:25','2021-04-24 19:08:35'),(5,13,2,'2020-08-13 04:32:01','2020-05-10 20:44:11','2021-04-24 19:08:35'),(6,16,2,'2020-11-24 13:48:41','2021-02-27 23:53:36','2021-04-24 19:08:35'),(9,26,2,'2020-07-09 05:57:03','2020-12-04 18:34:25','2021-04-24 19:08:35'),(10,37,2,'2021-02-28 02:49:49','2020-06-22 02:42:14','2021-04-24 19:08:35'),(10,83,2,'2020-12-04 13:48:13','2020-12-01 09:11:26','2021-04-24 19:08:35'),(11,72,2,'2020-07-05 09:37:00','2020-05-30 04:37:04','2021-04-24 19:08:35'),(12,22,1,'2020-07-27 05:35:55','2020-11-15 16:19:05','2021-04-24 19:08:35'),(14,45,2,'2020-09-01 18:54:04','2021-02-17 23:28:05','2021-04-24 19:08:35'),(14,82,2,'2020-10-16 06:47:20','2020-05-02 10:57:33','2021-04-24 19:08:35'),(15,26,3,'2021-03-10 09:26:50','2020-09-21 00:14:05','2021-04-24 19:08:35'),(18,71,2,'2021-03-12 22:05:15','2020-09-27 20:47:22','2021-04-24 19:08:35'),(18,97,1,'2020-06-14 08:42:24','2020-07-27 01:08:31','2021-04-24 19:08:35'),(19,22,1,'2021-01-06 00:05:10','2020-11-16 05:07:59','2021-04-24 19:08:35'),(20,56,3,'2021-01-30 06:04:39','2020-10-31 00:55:41','2021-04-24 19:08:35'),(22,24,1,'2020-05-22 17:33:52','2021-03-20 18:31:13','2021-04-24 19:08:35'),(23,46,3,'2020-05-15 00:56:52','2021-03-26 13:47:56','2021-04-24 19:08:35'),(26,68,1,'2020-07-10 22:16:11','2021-02-28 06:37:31','2021-04-24 19:08:35'),(27,4,2,'2020-11-02 17:09:51','2020-07-22 13:41:18','2021-04-24 19:08:35'),(27,86,2,'2020-08-30 16:32:42','2020-06-16 03:29:54','2021-04-24 19:08:35'),(28,45,1,'2020-06-21 08:08:44','2020-10-20 18:09:28','2021-04-24 19:08:35'),(28,63,1,'2020-10-08 14:03:37','2020-10-29 05:56:22','2021-04-24 19:08:35'),(28,72,3,'2020-04-24 19:55:19','2020-09-04 13:49:46','2021-04-24 19:08:35'),(30,4,3,'2020-10-16 01:55:59','2020-12-05 15:37:01','2021-04-24 19:08:35'),(33,61,2,'2021-02-24 14:57:10','2020-12-21 03:34:02','2021-04-24 19:08:35'),(33,80,1,'2020-09-25 23:22:45','2020-08-05 15:19:44','2021-04-24 19:08:35'),(34,83,1,'2021-01-23 09:25:41','2020-06-18 01:04:25','2021-04-24 19:08:35'),(35,29,3,'2020-08-19 03:52:50','2021-04-03 05:32:03','2021-04-24 19:08:35'),(35,73,2,'2020-05-03 01:19:05','2020-05-08 02:50:31','2021-04-24 19:08:35'),(36,68,3,'2021-02-10 01:38:13','2021-02-09 04:14:26','2021-04-24 19:08:35'),(38,8,3,'2020-08-02 04:37:55','2021-03-24 17:32:18','2021-04-24 19:08:35'),(38,9,2,'2021-01-04 15:02:29','2020-06-10 13:09:07','2021-04-24 19:08:35'),(38,51,3,'2020-07-12 20:54:33','2021-01-19 04:34:04','2021-04-24 19:08:35'),(39,35,2,'2020-12-28 08:16:57','2021-03-19 16:45:47','2021-04-24 19:08:35'),(40,96,1,'2021-01-12 07:05:59','2021-03-19 10:43:21','2021-04-24 19:08:35'),(41,9,3,'2020-09-22 02:24:49','2021-01-22 01:30:37','2021-04-24 17:53:35'),(44,93,2,'2020-10-23 17:02:31','2020-11-20 10:02:12','2021-04-24 19:08:35'),(45,80,1,'2020-10-13 17:11:56','2020-11-04 08:31:50','2021-04-24 19:08:35'),(45,97,2,'2020-06-19 17:58:35','2020-12-05 20:17:36','2021-04-24 19:08:35'),(46,8,1,'2020-08-21 15:23:18','2020-06-06 08:55:47','2021-04-24 19:08:35'),(48,72,1,'2020-05-03 22:45:45','2020-08-12 19:46:21','2021-04-24 19:08:35'),(50,76,1,'2020-09-28 04:33:42','2020-05-05 05:55:39','2021-04-24 19:08:35'),(52,20,3,'2020-07-03 04:21:34','2020-10-30 00:11:03','2021-04-24 19:08:35'),(53,17,3,'2020-11-19 09:59:50','2020-08-05 03:21:30','2021-04-24 19:08:35'),(54,52,1,'2020-11-30 09:56:48','2021-04-03 21:08:25','2021-04-24 19:08:35'),(56,44,2,'2020-10-22 07:36:04','2021-02-09 04:45:54','2021-04-24 19:08:35'),(57,5,3,'2021-03-16 23:24:37','2020-11-19 05:31:02','2021-04-24 19:08:35'),(57,33,1,'2020-05-08 19:44:52','2020-12-31 16:22:31','2021-04-24 19:08:35'),(57,99,1,'2021-03-13 22:25:57','2020-06-14 03:57:18','2021-04-24 19:08:35'),(59,44,3,'2021-03-09 17:26:08','2020-05-14 05:46:40','2021-04-24 19:08:35'),(61,10,2,'2021-03-22 06:44:55','2021-03-01 08:40:50','2021-04-24 19:08:35'),(61,27,3,'2020-05-16 07:23:03','2020-10-28 14:26:55','2021-04-24 19:08:35'),(62,68,3,'2020-11-24 07:41:55','2020-10-19 23:08:44','2021-04-24 19:08:35'),(63,100,1,'2020-06-18 15:26:19','2021-01-13 11:58:10','2021-04-24 19:08:35'),(64,7,2,'2021-03-30 13:53:45','2020-09-12 05:10:17','2021-04-24 19:08:35'),(64,18,1,'2020-04-20 16:45:21','2021-01-02 14:27:32','2021-04-24 19:08:35'),(64,24,2,'2020-06-07 01:13:36','2020-12-12 20:48:17','2021-04-24 19:08:35'),(64,76,2,'2020-11-12 09:11:27','2020-10-15 04:22:24','2021-04-24 19:08:35'),(65,22,2,'2021-04-11 11:19:32','2020-07-29 21:19:35','2021-04-24 19:08:35'),(65,37,1,'2021-04-01 23:05:11','2020-07-19 09:57:19','2021-04-24 19:08:35'),(65,46,2,'2020-10-01 01:31:11','2020-10-27 03:01:12','2021-04-24 19:08:35'),(65,62,1,'2020-12-17 14:06:48','2020-09-25 00:53:38','2021-04-24 19:08:35'),(65,64,2,'2020-12-19 04:19:06','2020-10-31 05:48:51','2021-04-24 19:08:35'),(66,42,2,'2020-12-06 06:07:46','2020-12-07 15:26:36','2021-04-24 19:08:35'),(69,4,1,'2020-05-25 16:22:17','2021-02-24 21:29:25','2021-04-24 19:08:35'),(70,63,2,'2021-03-13 04:32:38','2021-03-02 05:52:06','2021-04-24 19:08:35'),(71,83,1,'2020-09-16 05:38:50','2020-06-08 12:53:28','2021-04-24 19:08:35'),(72,90,1,'2020-04-30 10:26:12','2020-12-08 10:12:16','2021-04-24 19:08:35'),(72,98,3,'2020-09-14 05:29:59','2020-09-23 09:30:39','2021-04-24 19:08:35'),(73,48,3,'2020-12-03 02:49:59','2021-04-19 16:33:49','2021-04-24 19:08:35'),(73,75,1,'2020-05-01 22:13:58','2021-01-24 11:58:17','2021-04-24 19:08:35'),(74,63,1,'2021-03-20 21:32:17','2020-10-08 17:53:33','2021-04-24 19:08:35'),(75,10,2,'2020-09-14 14:48:43','2021-02-25 21:48:48','2021-04-24 19:08:35'),(75,70,3,'2020-08-03 14:44:42','2021-01-27 01:57:14','2021-04-24 19:08:35'),(76,14,2,'2020-12-01 05:36:53','2021-01-09 18:15:21','2021-04-24 19:08:35'),(76,39,3,'2020-12-31 22:32:43','2020-06-11 01:23:57','2021-04-24 19:08:35'),(76,52,1,'2020-05-30 09:40:06','2020-12-23 04:15:20','2021-04-24 19:08:35'),(77,53,1,'2020-04-25 09:50:19','2020-08-01 19:12:02','2021-04-24 19:08:35'),(78,39,1,'2020-10-01 12:53:11','2020-07-17 04:56:29','2021-04-24 19:08:35'),(80,57,2,'2020-10-11 04:40:06','2020-04-24 01:53:41','2021-04-24 19:08:35'),(80,65,2,'2021-03-28 19:08:12','2021-02-08 01:59:00','2021-04-24 19:08:35'),(82,22,3,'2021-01-08 16:00:15','2021-01-12 07:27:06','2021-04-24 19:08:35'),(82,63,1,'2020-07-06 04:19:11','2021-03-02 03:39:40','2021-04-24 19:08:35'),(85,60,3,'2021-01-22 06:38:55','2020-07-14 05:58:42','2021-04-24 19:08:35'),(85,63,2,'2021-03-19 23:20:07','2020-04-29 19:02:47','2021-04-24 19:08:35'),(86,4,2,'2020-10-03 02:10:44','2020-12-06 03:13:50','2021-04-24 19:08:35'),(86,54,1,'2020-06-20 00:25:04','2020-05-09 00:58:39','2021-04-24 19:08:35'),(88,54,3,'2020-09-26 12:20:18','2021-02-11 22:09:47','2021-04-24 19:08:35'),(88,69,2,'2020-11-01 08:53:14','2020-08-15 08:08:10','2021-04-24 19:08:35'),(89,74,3,'2020-05-08 05:07:58','2021-02-26 10:32:14','2021-04-24 19:08:35'),(90,95,1,'2021-03-12 11:40:54','2021-02-04 01:10:11','2021-04-24 19:08:35'),(92,90,3,'2020-10-17 14:24:20','2020-09-17 08:17:03','2021-04-24 19:08:35'),(94,47,3,'2020-12-12 10:04:50','2020-06-05 16:50:20','2021-04-24 19:08:35'),(98,66,3,'2020-10-06 05:43:45','2020-08-24 10:49:00','2021-04-24 19:08:35'),(98,76,1,'2021-02-22 08:00:39','2020-06-01 11:06:20','2021-04-24 19:08:35'),(99,32,1,'2020-10-12 13:21:56','2020-09-06 17:36:32','2021-04-24 19:08:35'),(100,36,2,'2020-08-22 15:42:32','2020-09-26 09:56:39','2021-04-24 19:08:35'),(100,41,2,'2020-10-04 20:49:12','2020-10-08 23:13:50','2021-04-24 19:08:35'),(100,94,1,'2020-11-14 00:32:55','2021-03-29 18:59:37','2021-04-24 19:08:35');
/*!40000 ALTER TABLE `friendship` ENABLE KEYS */;
UNLOCK TABLES;

--
-- Table structure for table `friendship_statuses`
--

DROP TABLE IF EXISTS `friendship_statuses`;
/*!40101 SET @saved_cs_client     = @@character_set_client */;
/*!50503 SET character_set_client = utf8mb4 */;
CREATE TABLE `friendship_statuses` (
  `id` int unsigned NOT NULL AUTO_INCREMENT COMMENT 'Идентификатор строки',
  `name` varchar(150) CHARACTER SET utf8mb4 COLLATE utf8mb4_unicode_ci NOT NULL COMMENT 'Название статуса',
  `created_at` datetime DEFAULT CURRENT_TIMESTAMP COMMENT 'Время создания строки',
  `updated_at` datetime DEFAULT CURRENT_TIMESTAMP ON UPDATE CURRENT_TIMESTAMP COMMENT 'Время обновления строки',
  PRIMARY KEY (`id`),
  UNIQUE KEY `name` (`name`)
) ENGINE=InnoDB AUTO_INCREMENT=4 DEFAULT CHARSET=utf8mb4 COLLATE=utf8mb4_unicode_ci COMMENT='Статус дружбы';
/*!40101 SET character_set_client = @saved_cs_client */;

--
-- Dumping data for table `friendship_statuses`
--

LOCK TABLES `friendship_statuses` WRITE;
/*!40000 ALTER TABLE `friendship_statuses` DISABLE KEYS */;
INSERT INTO `friendship_statuses` VALUES (1,'Sent','2012-02-14 14:32:11','2012-06-16 11:30:04'),(2,'Rejected','2019-07-04 15:18:12','2021-04-24 17:53:32'),(3,'Received','2011-12-29 23:24:56','2013-12-21 15:43:52');
/*!40000 ALTER TABLE `friendship_statuses` ENABLE KEYS */;
UNLOCK TABLES;

--
-- Table structure for table `media`
--

DROP TABLE IF EXISTS `media`;
/*!40101 SET @saved_cs_client     = @@character_set_client */;
/*!50503 SET character_set_client = utf8mb4 */;
CREATE TABLE `media` (
  `id` int unsigned NOT NULL AUTO_INCREMENT COMMENT 'Идентификатор строки',
  `user_id` int unsigned NOT NULL COMMENT 'Ссылка на пользователя, который загрузил файл',
  `filename` varchar(255) CHARACTER SET utf8mb4 COLLATE utf8mb4_unicode_ci NOT NULL COMMENT 'Путь к файлу',
  `size` int NOT NULL COMMENT 'Размер файла',
  `metadata` json DEFAULT NULL,
  `media_type_id` int unsigned NOT NULL COMMENT 'Ссылка на тип контента',
  `created_at` datetime DEFAULT CURRENT_TIMESTAMP COMMENT 'Время создания строки',
  `updated_at` datetime DEFAULT CURRENT_TIMESTAMP ON UPDATE CURRENT_TIMESTAMP COMMENT 'Время обновления строки',
  PRIMARY KEY (`id`),
  CONSTRAINT `media_chk_1` CHECK (json_valid(`metadata`))
) ENGINE=InnoDB AUTO_INCREMENT=101 DEFAULT CHARSET=utf8mb4 COLLATE=utf8mb4_unicode_ci COMMENT='Медиафайлы';
/*!40101 SET character_set_client = @saved_cs_client */;

--
-- Dumping data for table `media`
--

LOCK TABLES `media` WRITE;
/*!40000 ALTER TABLE `media` DISABLE KEYS */;
INSERT INTO `media` VALUES (1,45,'http://dropbox.com/vk/quas.jpg',323,'{\"owner\": \"Gudrun Leannon\"}',1,'2020-09-10 00:31:35','2021-04-24 18:58:39'),(2,32,'http://dropbox.com/vk/neque.jpg',6143,'{\"owner\": \"Tate Emmerich\"}',4,'2015-12-02 01:48:11','2021-04-24 18:58:39'),(3,37,'http://dropbox.com/vk/non.png',2427,'{\"owner\": \"Alessandro Jerde\"}',5,'2018-05-01 04:15:01','2021-04-24 18:58:39'),(4,73,'http://dropbox.com/vk/quibusdam.jpg',5850,'{\"owner\": \"Sophie Schiller\"}',4,'2012-06-13 22:25:44','2021-04-24 18:58:39'),(5,4,'http://dropbox.com/vk/laboriosam.mpeg',251,'{\"owner\": \"Garfield Powlowski\"}',3,'2020-05-25 19:36:24','2021-04-24 18:58:39'),(6,91,'http://dropbox.com/vk/vero.mp4',4342,'{\"owner\": \"Nickolas Ebert\"}',2,'2011-07-18 01:21:57','2021-04-24 18:58:39'),(7,23,'http://dropbox.com/vk/eligendi.mp4',4102,'{\"owner\": \"Abbie VonRueden\"}',1,'2018-03-26 18:11:08','2021-04-24 18:58:39'),(8,90,'http://dropbox.com/vk/rem.mp4',5811,'{\"owner\": \"Adolphus Goodwin\"}',1,'2012-12-13 22:48:10','2021-04-24 18:58:39'),(9,90,'http://dropbox.com/vk/ut.png',4806,'{\"owner\": \"Adolphus Goodwin\"}',4,'2015-12-13 06:07:23','2021-04-24 18:58:39'),(10,22,'http://dropbox.com/vk/deserunt.png',2998,'{\"owner\": \"Trevor Wisozk\"}',4,'2020-11-27 23:42:40','2021-04-24 18:58:39'),(11,68,'http://dropbox.com/vk/nulla.mpeg',317,'{\"owner\": \"Michael Price\"}',5,'2014-02-10 07:07:29','2021-04-24 18:58:39'),(12,93,'http://dropbox.com/vk/qui.txt',738,'{\"owner\": \"Seth Maggio\"}',4,'2019-10-18 20:55:13','2021-04-24 18:58:39'),(13,41,'http://dropbox.com/vk/sit.txt',3002,'{\"owner\": \"Chelsey Windler\"}',2,'2012-05-04 18:09:48','2021-04-24 18:58:39'),(14,7,'http://dropbox.com/vk/numquam.txt',6951,'{\"owner\": \"Eli Emmerich\"}',1,'2013-02-01 06:59:05','2021-04-24 18:58:39'),(15,61,'http://dropbox.com/vk/et.txt',6082,'{\"owner\": \"Stone Douglas\"}',4,'2016-12-06 09:36:15','2021-04-24 18:58:39'),(16,32,'http://dropbox.com/vk/deserunt.mpeg',6897,'{\"owner\": \"Tate Emmerich\"}',1,'2018-12-26 16:00:32','2021-04-24 18:58:39'),(17,39,'http://dropbox.com/vk/vero.txt',3089,'{\"owner\": \"Athena Stark\"}',1,'2015-11-24 15:32:03','2021-04-24 18:58:39'),(18,90,'http://dropbox.com/vk/corrupti.mp4',7331,'{\"owner\": \"Adolphus Goodwin\"}',3,'2012-02-08 18:18:38','2021-04-24 18:58:39'),(19,88,'http://dropbox.com/vk/explicabo.mp3',6653,'{\"owner\": \"Merlin Stracke\"}',4,'2013-05-06 10:10:16','2021-04-24 18:58:39'),(20,78,'http://dropbox.com/vk/ut.png',720,'{\"owner\": \"Paula Towne\"}',4,'2016-01-19 21:47:48','2021-04-24 18:58:39'),(21,90,'http://dropbox.com/vk/ea.png',4731,'{\"owner\": \"Adolphus Goodwin\"}',2,'2019-01-05 04:36:55','2021-04-24 18:58:39'),(22,10,'http://dropbox.com/vk/corporis.mp3',2895,'{\"owner\": \"Margret Heidenreich\"}',2,'2014-01-26 21:48:20','2021-04-24 18:58:39'),(23,78,'http://dropbox.com/vk/asperiores.mp3',251,'{\"owner\": \"Paula Towne\"}',1,'2020-06-17 03:20:15','2021-04-24 18:58:39'),(24,42,'http://dropbox.com/vk/ut.mp4',6613,'{\"owner\": \"Lavada Hand\"}',1,'2012-02-12 21:55:48','2021-04-24 18:58:39'),(25,73,'http://dropbox.com/vk/doloremque.png',1820,'{\"owner\": \"Sophie Schiller\"}',4,'2014-11-30 10:56:58','2021-04-24 18:58:39'),(26,89,'http://dropbox.com/vk/atque.mp4',6766,'{\"owner\": \"Eleanore Ernser\"}',1,'2012-01-13 19:12:18','2021-04-24 18:58:39'),(27,44,'http://dropbox.com/vk/mollitia.mp3',3930,'{\"owner\": \"Ines Moen\"}',5,'2015-05-19 08:23:38','2021-04-24 18:58:39'),(28,51,'http://dropbox.com/vk/enim.txt',7329,'{\"owner\": \"Julianne Gislason\"}',4,'2016-08-01 04:52:48','2021-04-24 18:58:39'),(29,82,'http://dropbox.com/vk/modi.png',4421,'{\"owner\": \"Audreanne Steuber\"}',5,'2015-06-01 17:56:44','2021-04-24 18:58:39'),(30,65,'http://dropbox.com/vk/et.mp4',3522,'{\"owner\": \"Syble Simonis\"}',3,'2015-03-12 11:29:32','2021-04-24 18:58:39'),(31,85,'http://dropbox.com/vk/atque.mp4',1655,'{\"owner\": \"Mylene Kassulke\"}',5,'2013-11-23 16:13:52','2021-04-24 18:58:39'),(32,26,'http://dropbox.com/vk/cupiditate.txt',2519,'{\"owner\": \"Dolly Runolfsdottir\"}',3,'2019-05-30 21:59:53','2021-04-24 18:58:39'),(33,83,'http://dropbox.com/vk/dolores.mpeg',5365,'{\"owner\": \"Eleanora Gerlach\"}',4,'2016-06-10 14:53:30','2021-04-24 18:58:39'),(34,29,'http://dropbox.com/vk/recusandae.mp4',447,'{\"owner\": \"Catharine Raynor\"}',4,'2015-10-29 05:56:14','2021-04-24 18:58:39'),(35,50,'http://dropbox.com/vk/nihil.mp3',6877,'{\"owner\": \"Gerda Howell\"}',2,'2014-11-01 21:12:31','2021-04-24 18:58:39'),(36,39,'http://dropbox.com/vk/alias.txt',589,'{\"owner\": \"Athena Stark\"}',1,'2016-02-15 15:04:59','2021-04-24 18:58:39'),(37,61,'http://dropbox.com/vk/assumenda.txt',5056,'{\"owner\": \"Stone Douglas\"}',1,'2019-11-22 03:09:22','2021-04-24 18:58:39'),(38,64,'http://dropbox.com/vk/incidunt.mp3',165,'{\"owner\": \"Priscilla Erdman\"}',1,'2012-06-11 03:16:10','2021-04-24 18:58:39'),(39,53,'http://dropbox.com/vk/error.mpeg',7200,'{\"owner\": \"Sidney Thompson\"}',3,'2015-10-09 22:54:15','2021-04-24 18:58:39'),(40,78,'http://dropbox.com/vk/et.mp4',5220,'{\"owner\": \"Paula Towne\"}',4,'2014-09-25 13:01:51','2021-04-24 18:58:39'),(41,77,'http://dropbox.com/vk/rerum.png',784,'{\"owner\": \"Misael McLaughlin\"}',4,'2017-07-10 13:03:13','2021-04-24 18:58:39'),(42,32,'http://dropbox.com/vk/qui.mp3',3689,'{\"owner\": \"Tate Emmerich\"}',2,'2019-11-04 08:55:58','2021-04-24 18:58:39'),(43,51,'http://dropbox.com/vk/doloremque.jpg',3509,'{\"owner\": \"Julianne Gislason\"}',3,'2011-08-22 03:38:17','2021-04-24 18:58:39'),(44,86,'http://dropbox.com/vk/distinctio.jpg',2308,'{\"owner\": \"Melyssa Zulauf\"}',5,'2018-01-19 03:02:55','2021-04-24 18:58:39'),(45,29,'http://dropbox.com/vk/esse.mp4',7519,'{\"owner\": \"Catharine Raynor\"}',1,'2014-01-31 12:11:23','2021-04-24 18:58:39'),(46,54,'http://dropbox.com/vk/non.txt',6277,'{\"owner\": \"Carol Harvey\"}',2,'2011-09-02 02:44:04','2021-04-24 18:58:39'),(47,40,'http://dropbox.com/vk/a.png',6373,'{\"owner\": \"Chandler Brekke\"}',2,'2017-08-05 00:55:22','2021-04-24 18:58:39'),(48,65,'http://dropbox.com/vk/ut.mp3',8084,'{\"owner\": \"Syble Simonis\"}',2,'2017-09-03 02:07:24','2021-04-24 18:58:39'),(49,92,'http://dropbox.com/vk/dolorum.mpeg',1785,'{\"owner\": \"Ruben Zemlak\"}',1,'2017-05-21 23:13:02','2021-04-24 18:58:39'),(50,44,'http://dropbox.com/vk/nihil.png',418,'{\"owner\": \"Ines Moen\"}',3,'2012-12-18 20:22:02','2021-04-24 18:58:39'),(51,92,'http://dropbox.com/vk/perferendis.mp3',1744,'{\"owner\": \"Ruben Zemlak\"}',2,'2016-07-27 12:37:58','2021-04-24 18:58:39'),(52,14,'http://dropbox.com/vk/et.mp3',3342,'{\"owner\": \"Vaughn Welch\"}',4,'2014-04-18 13:14:14','2021-04-24 18:58:39'),(53,100,'http://dropbox.com/vk/animi.mpeg',5740,'{\"owner\": \"Brielle D\'Amore\"}',1,'2016-07-07 12:24:41','2021-04-24 18:58:39'),(54,64,'http://dropbox.com/vk/eum.mp3',2638,'{\"owner\": \"Priscilla Erdman\"}',2,'2014-03-26 12:00:35','2021-04-24 18:58:39'),(55,82,'http://dropbox.com/vk/nam.png',5923,'{\"owner\": \"Audreanne Steuber\"}',5,'2012-12-24 09:49:45','2021-04-24 18:58:39'),(56,18,'http://dropbox.com/vk/quos.mpeg',5289,'{\"owner\": \"Arvilla Runte\"}',2,'2019-11-11 11:34:09','2021-04-24 18:58:39'),(57,22,'http://dropbox.com/vk/dolor.png',3993,'{\"owner\": \"Trevor Wisozk\"}',3,'2014-12-03 08:24:07','2021-04-24 18:58:39'),(58,85,'http://dropbox.com/vk/saepe.jpg',5932,'{\"owner\": \"Mylene Kassulke\"}',2,'2016-02-05 21:19:21','2021-04-24 18:58:39'),(59,83,'http://dropbox.com/vk/occaecati.png',322,'{\"owner\": \"Eleanora Gerlach\"}',1,'2012-12-27 03:12:16','2021-04-24 18:58:39'),(60,79,'http://dropbox.com/vk/qui.png',641,'{\"owner\": \"Dena Emmerich\"}',4,'2018-07-20 16:35:37','2021-04-24 18:58:39'),(61,60,'http://dropbox.com/vk/officia.txt',5550,'{\"owner\": \"Neva Buckridge\"}',3,'2015-11-28 23:31:22','2021-04-24 18:58:39'),(62,49,'http://dropbox.com/vk/quisquam.png',2638,'{\"owner\": \"Newell McGlynn\"}',2,'2013-02-27 03:51:47','2021-04-24 18:58:39'),(63,81,'http://dropbox.com/vk/exercitationem.mp3',3362,'{\"owner\": \"Ariel Bashirian\"}',4,'2013-07-20 20:02:35','2021-04-24 18:58:39'),(64,74,'http://dropbox.com/vk/et.txt',4499,'{\"owner\": \"Roberta Dicki\"}',1,'2012-11-04 02:17:24','2021-04-24 18:58:39'),(65,58,'http://dropbox.com/vk/consequatur.png',5520,'{\"owner\": \"Sigrid Hodkiewicz\"}',4,'2015-03-09 03:14:46','2021-04-24 18:58:39'),(66,82,'http://dropbox.com/vk/numquam.mpeg',5845,'{\"owner\": \"Audreanne Steuber\"}',1,'2020-09-07 04:53:43','2021-04-24 18:58:39'),(67,71,'http://dropbox.com/vk/necessitatibus.png',7166,'{\"owner\": \"Lula Reichert\"}',4,'2017-11-24 20:04:10','2021-04-24 18:58:39'),(68,68,'http://dropbox.com/vk/praesentium.png',5613,'{\"owner\": \"Michael Price\"}',3,'2014-05-25 11:27:25','2021-04-24 18:58:39'),(69,98,'http://dropbox.com/vk/nisi.jpg',1257,'{\"owner\": \"Hazle Donnelly\"}',5,'2015-06-13 00:22:55','2021-04-24 18:58:39'),(70,99,'http://dropbox.com/vk/sed.txt',2663,'{\"owner\": \"Garett Lockman\"}',1,'2013-05-12 10:03:09','2021-04-24 18:58:39'),(71,56,'http://dropbox.com/vk/nesciunt.mpeg',2932,'{\"owner\": \"Lelah Kuhn\"}',2,'2017-01-11 08:41:34','2021-04-24 18:58:39'),(72,75,'http://dropbox.com/vk/corrupti.jpg',4127,'{\"owner\": \"Anna Bruen\"}',4,'2014-11-10 04:33:25','2021-04-24 18:58:39'),(73,67,'http://dropbox.com/vk/quas.jpg',5362,'{\"owner\": \"Amari Pouros\"}',5,'2020-01-23 05:16:03','2021-04-24 18:58:39'),(74,10,'http://dropbox.com/vk/ab.mp4',1311,'{\"owner\": \"Margret Heidenreich\"}',2,'2020-10-02 08:06:42','2021-04-24 18:58:39'),(75,82,'http://dropbox.com/vk/tempora.mp3',4186,'{\"owner\": \"Audreanne Steuber\"}',5,'2015-12-14 21:31:17','2021-04-24 18:58:39'),(76,63,'http://dropbox.com/vk/debitis.png',595,'{\"owner\": \"Hermann Mills\"}',3,'2017-01-21 00:30:26','2021-04-24 18:58:39'),(77,65,'http://dropbox.com/vk/aut.mp3',3120,'{\"owner\": \"Syble Simonis\"}',5,'2020-08-20 00:54:18','2021-04-24 18:58:39'),(78,84,'http://dropbox.com/vk/quisquam.png',1026,'{\"owner\": \"Marilou Hand\"}',2,'2017-01-22 22:11:18','2021-04-24 18:58:39'),(79,55,'http://dropbox.com/vk/qui.png',3423,'{\"owner\": \"Maryse Mohr\"}',1,'2012-10-20 00:53:13','2021-04-24 18:58:39'),(80,67,'http://dropbox.com/vk/dolores.jpg',2021,'{\"owner\": \"Amari Pouros\"}',3,'2013-02-28 08:39:24','2021-04-24 18:58:39'),(81,63,'http://dropbox.com/vk/enim.mpeg',254,'{\"owner\": \"Hermann Mills\"}',5,'2012-03-18 10:03:32','2021-04-24 18:58:39'),(82,60,'http://dropbox.com/vk/harum.mpeg',7130,'{\"owner\": \"Neva Buckridge\"}',1,'2017-08-11 14:36:43','2021-04-24 18:58:39'),(83,65,'http://dropbox.com/vk/laborum.mp4',7410,'{\"owner\": \"Syble Simonis\"}',1,'2018-07-22 21:05:39','2021-04-24 18:58:39'),(84,98,'http://dropbox.com/vk/quia.mp4',6858,'{\"owner\": \"Hazle Donnelly\"}',2,'2017-08-28 16:25:46','2021-04-24 18:58:39'),(85,86,'http://dropbox.com/vk/autem.mp3',2273,'{\"owner\": \"Melyssa Zulauf\"}',1,'2019-10-30 20:28:02','2021-04-24 18:58:39'),(86,66,'http://dropbox.com/vk/sed.mp3',4710,'{\"owner\": \"Mallie Heaney\"}',5,'2016-04-03 13:05:56','2021-04-24 18:58:39'),(87,24,'http://dropbox.com/vk/nemo.txt',4170,'{\"owner\": \"Destany Gerlach\"}',5,'2015-10-03 12:25:05','2021-04-24 18:58:39'),(88,62,'http://dropbox.com/vk/tempore.txt',5064,'{\"owner\": \"Daphne Stamm\"}',4,'2014-02-07 04:38:40','2021-04-24 18:58:39'),(89,4,'http://dropbox.com/vk/dicta.mp3',452,'{\"owner\": \"Garfield Powlowski\"}',4,'2015-05-09 17:24:42','2021-04-24 18:58:39'),(90,60,'http://dropbox.com/vk/commodi.png',384,'{\"owner\": \"Neva Buckridge\"}',5,'2014-03-05 04:52:26','2021-04-24 18:58:39'),(91,58,'http://dropbox.com/vk/earum.jpg',7824,'{\"owner\": \"Sigrid Hodkiewicz\"}',3,'2020-05-12 05:00:18','2021-04-24 18:58:39'),(92,26,'http://dropbox.com/vk/omnis.jpg',6402,'{\"owner\": \"Dolly Runolfsdottir\"}',4,'2012-10-31 03:33:57','2021-04-24 18:58:39'),(93,20,'http://dropbox.com/vk/sunt.mp4',7915,'{\"owner\": \"Delfina Langworth\"}',2,'2011-11-04 11:06:13','2021-04-24 18:58:39'),(94,27,'http://dropbox.com/vk/optio.mpeg',8125,'{\"owner\": \"Mia Rodriguez\"}',2,'2012-03-19 05:13:05','2021-04-24 18:58:39'),(95,98,'http://dropbox.com/vk/non.png',4395,'{\"owner\": \"Hazle Donnelly\"}',1,'2014-12-15 22:33:26','2021-04-24 18:58:39'),(96,2,'http://dropbox.com/vk/commodi.png',6077,'{\"owner\": \"Melvin Armstrong\"}',1,'2011-07-10 18:26:59','2021-04-24 18:58:39'),(97,15,'http://dropbox.com/vk/quia.txt',5484,'{\"owner\": \"Yasmine Welch\"}',3,'2019-04-20 00:16:22','2021-04-24 18:58:39'),(98,93,'http://dropbox.com/vk/aut.mp3',829,'{\"owner\": \"Seth Maggio\"}',5,'2019-11-04 01:37:56','2021-04-24 18:58:39'),(99,18,'http://dropbox.com/vk/laudantium.mpeg',6725,'{\"owner\": \"Arvilla Runte\"}',4,'2020-02-27 05:18:55','2021-04-24 18:58:39'),(100,90,'http://dropbox.com/vk/dignissimos.txt',7699,'{\"owner\": \"Adolphus Goodwin\"}',3,'2017-12-16 18:19:18','2021-04-24 18:58:39');
/*!40000 ALTER TABLE `media` ENABLE KEYS */;
UNLOCK TABLES;

--
-- Table structure for table `media_types`
--

DROP TABLE IF EXISTS `media_types`;
/*!40101 SET @saved_cs_client     = @@character_set_client */;
/*!50503 SET character_set_client = utf8mb4 */;
CREATE TABLE `media_types` (
  `id` int unsigned NOT NULL AUTO_INCREMENT COMMENT 'Идентификатор строки',
  `name` varchar(255) CHARACTER SET utf8mb4 COLLATE utf8mb4_unicode_ci NOT NULL COMMENT 'Название типа',
  `created_at` datetime DEFAULT CURRENT_TIMESTAMP COMMENT 'Время создания строки',
  `updated_at` datetime DEFAULT CURRENT_TIMESTAMP ON UPDATE CURRENT_TIMESTAMP COMMENT 'Время обновления строки',
  PRIMARY KEY (`id`),
  UNIQUE KEY `name` (`name`)
) ENGINE=InnoDB AUTO_INCREMENT=6 DEFAULT CHARSET=utf8mb4 COLLATE=utf8mb4_unicode_ci COMMENT='Типы медиафайлов';
/*!40101 SET character_set_client = @saved_cs_client */;

--
-- Dumping data for table `media_types`
--

LOCK TABLES `media_types` WRITE;
/*!40000 ALTER TABLE `media_types` DISABLE KEYS */;
INSERT INTO `media_types` VALUES (1,' music','2017-11-09 22:31:18','2013-07-02 19:41:41'),(2,' video','2014-08-14 00:24:25','2020-08-27 04:57:47'),(3,'photo','2018-09-16 18:52:00','2018-11-23 22:23:13'),(4,' games','2013-07-08 03:57:44','2016-04-29 13:59:58'),(5,' clips','2015-04-18 12:43:54','2018-03-05 19:36:22');
/*!40000 ALTER TABLE `media_types` ENABLE KEYS */;
UNLOCK TABLES;

--
-- Table structure for table `messages`
--

DROP TABLE IF EXISTS `messages`;
/*!40101 SET @saved_cs_client     = @@character_set_client */;
/*!50503 SET character_set_client = utf8mb4 */;
CREATE TABLE `messages` (
  `id` int unsigned NOT NULL AUTO_INCREMENT COMMENT 'Идентификатор строки',
  `from_user_id` int unsigned NOT NULL COMMENT 'Ссылка на отправителя сообщения',
  `to_user_id` int unsigned NOT NULL COMMENT 'Ссылка на получателя сообщения',
  `body` text CHARACTER SET utf8mb4 COLLATE utf8mb4_unicode_ci NOT NULL COMMENT 'Текст сообщения',
  `is_important` tinyint(1) DEFAULT NULL COMMENT 'Признак важности',
  `is_delivered` tinyint(1) DEFAULT NULL COMMENT 'Признак доставки',
  `created_at` datetime DEFAULT CURRENT_TIMESTAMP COMMENT 'Время создания строки',
  PRIMARY KEY (`id`)
) ENGINE=InnoDB AUTO_INCREMENT=101 DEFAULT CHARSET=utf8mb4 COLLATE=utf8mb4_unicode_ci COMMENT='Сообщения';
/*!40101 SET character_set_client = @saved_cs_client */;

--
-- Dumping data for table `messages`
--

LOCK TABLES `messages` WRITE;
/*!40000 ALTER TABLE `messages` DISABLE KEYS */;
INSERT INTO `messages` VALUES (1,1,89,'Aperiam ut quidem sunt. Et adipisci qui autem esse quia quis eos. Doloremque esse eius voluptates aut. Corporis recusandae itaque officiis a aut. Mollitia sed et laudantium a.',0,1,'2017-04-08 15:52:58'),(2,47,42,'Nihil et enim est dolore molestias quisquam voluptas. Sunt laborum aut aut labore deleniti sunt. Fugit molestias hic dicta asperiores eos.',0,1,'2015-06-23 10:51:42'),(3,13,66,'Vero vel ut rerum voluptatem dolor odio sunt. Rerum voluptas sed vitae quas vel earum corporis. Ut necessitatibus nam ratione dicta alias.',0,0,'2017-10-15 08:46:18'),(4,15,24,'Nisi quisquam omnis aperiam dolores. Magni alias dolores consequatur in eaque soluta ut. Porro et et id temporibus quis architecto. Illum maxime tempore provident qui doloremque enim deleniti.',1,1,'2018-10-13 02:34:38'),(5,59,6,'Ut animi possimus dolores rem. Possimus minima nesciunt dicta cumque. Molestias rerum totam id veniam amet.',0,1,'2020-02-12 18:47:25'),(6,77,78,'Rem aut molestiae quia voluptatem odit quia ipsa. Necessitatibus aut et deserunt tempore minima at.',1,0,'2013-03-20 00:43:40'),(7,24,61,'Nisi voluptatem dolorem explicabo neque. Voluptatum distinctio aut quos laboriosam. Illo aut ullam dolorum earum reiciendis aut. Aut ex culpa dolor animi assumenda.',1,0,'2015-09-24 07:13:45'),(8,77,83,'Voluptatem iste vel quia iusto. Autem culpa ea fugiat non tempora aut fuga. Beatae impedit quia voluptatum dolor eum.',1,0,'2011-10-07 01:08:39'),(9,76,24,'Ut repellat ipsa qui architecto qui quis harum. Omnis at est nesciunt eum. Veritatis debitis voluptas molestias dolor.',1,0,'2020-07-26 12:05:41'),(10,49,72,'Ut in impedit esse enim cumque amet. Quia amet quas modi laudantium aliquid sed officia at. Dolore impedit blanditiis ullam sapiente aliquam.',0,0,'2011-06-29 09:25:31'),(11,16,95,'Quod enim illum nihil et blanditiis cumque autem. Corrupti cumque autem rem neque. Quam molestiae dolor in corporis non.',1,0,'2016-08-27 01:35:03'),(12,37,60,'Odit alias odit quam ut. Necessitatibus sed eius ut libero earum ducimus officia. Natus aut qui eum debitis hic minima.',0,0,'2019-10-05 06:34:13'),(13,71,66,'Beatae ipsam aut dignissimos culpa itaque earum et. Est voluptatem nulla voluptatum doloremque.',0,0,'2014-09-27 16:07:32'),(14,1,94,'Aut dolores commodi ducimus. Enim vel voluptas quia laboriosam officiis repellat vel. Recusandae est velit voluptatem sint.',1,1,'2013-06-29 07:30:58'),(15,24,25,'Molestias non quia voluptatibus laborum optio debitis. Voluptas saepe maxime dignissimos autem tenetur ad. Non dolorum sunt cupiditate omnis tempora eligendi maxime.',1,0,'2016-04-01 13:23:42'),(16,9,43,'Vel voluptas cumque quasi sint. Non omnis non quos ipsum sequi.',1,0,'2014-02-04 20:28:07'),(17,55,15,'Vel sunt velit aperiam. Beatae molestiae voluptatibus doloremque aut ipsam hic. Eum recusandae fuga ut aperiam porro.',0,1,'2016-07-11 11:25:36'),(18,87,81,'Modi minus neque molestiae maxime ut tempora. Nemo non velit nam omnis odio perspiciatis. Laudantium modi et aut id.',1,1,'2017-09-16 17:01:56'),(19,29,39,'Tempora dicta amet ratione neque laboriosam. Odio animi facere quos. Quo dolorem veritatis rerum nulla consequuntur quia quis vel.',0,0,'2016-10-30 05:58:20'),(20,20,54,'Quod numquam voluptas dolores at ut hic voluptas harum. Facilis non sit aperiam voluptatem aut. Eum quae corrupti exercitationem incidunt.',0,1,'2011-08-11 10:41:03'),(21,99,11,'Aspernatur culpa in aut tempore laborum reiciendis. Voluptatem repellendus sint officia atque non sapiente magni. Deserunt necessitatibus dolore asperiores.',1,0,'2013-12-18 15:00:47'),(22,90,63,'Voluptatem voluptatem autem expedita omnis. Sed aliquid et odit velit ut delectus. Eligendi alias alias excepturi repellat. Ad repellat eius perferendis omnis ratione.',1,0,'2013-02-28 18:34:22'),(23,57,33,'Qui aut expedita est quas nulla corporis. Occaecati deleniti earum vel asperiores commodi. Provident qui asperiores libero velit.',1,0,'2019-08-20 17:35:30'),(24,74,71,'Ipsam autem officiis optio doloremque exercitationem itaque. Tempora eum voluptates occaecati tempore quia. Rem natus quisquam ab totam voluptas quo dolorum eum.',1,1,'2014-12-08 03:23:10'),(25,58,11,'Occaecati autem enim est quo est. Error eaque ipsam consequatur voluptas aut et. Aperiam iste officiis nesciunt rem doloremque.',0,1,'2012-03-16 01:55:52'),(26,15,35,'Qui incidunt modi sapiente totam. Provident nulla autem laborum officia excepturi voluptas ipsum saepe. Fugiat optio sit incidunt non id dicta dolorum. Eum reiciendis quisquam ipsum dolore sit.',0,1,'2018-03-18 15:34:30'),(27,35,29,'Ut tempore quam provident eligendi accusantium sed. Animi sunt dolores culpa ut et iste omnis. Sunt repudiandae numquam dolore dolor. Consequatur eum quisquam et libero.',1,0,'2020-11-01 12:52:51'),(28,5,68,'Qui inventore architecto qui. Et est dignissimos inventore repellat facilis quos. Laborum placeat sapiente sapiente et totam maxime sit.',1,1,'2011-07-20 09:58:30'),(29,84,98,'Molestias ipsum repellendus quis vel quis id. Esse illum voluptatem doloribus repudiandae harum. Eum qui dolorum et quia explicabo aspernatur labore. Nostrum sequi earum iusto dolor aut corporis.',0,1,'2012-09-01 11:47:38'),(30,73,60,'Ipsam quae asperiores consequatur id voluptate rerum possimus. Veritatis provident quo sint rerum eum error qui. Vel nesciunt rerum harum sunt.',0,1,'2013-10-01 07:16:23'),(31,74,31,'Deleniti deserunt minus expedita excepturi quia ducimus. Qui quo illo eius voluptate maiores debitis. Fugit quis adipisci est qui nemo eum.',1,1,'2016-02-14 04:16:36'),(32,40,26,'Soluta aut exercitationem neque et corporis. Voluptatem earum porro natus et non sed. Est cupiditate sed veniam nulla occaecati repellendus. Culpa quae sint ullam temporibus.',1,1,'2016-12-04 05:13:45'),(33,17,6,'Ut dolores molestiae quia ea quia. Eius eum aspernatur iusto nam assumenda provident. Dolorum animi non ad in eos dolore.',1,1,'2016-07-13 18:29:40'),(34,87,77,'Expedita autem sed nisi odit. Sed modi ut repellendus veniam maxime accusamus et. Sequi harum vel nesciunt et ratione. Sit qui libero enim. Praesentium suscipit qui ullam magnam enim ad.',0,0,'2013-05-16 15:16:19'),(35,77,99,'Qui esse odit ut nemo. Eaque cumque reprehenderit ut quaerat temporibus. Velit non quidem ex aperiam nihil deserunt tempora.',0,0,'2017-01-02 17:16:57'),(36,68,29,'Debitis incidunt vero ex. Eos nam quia et nisi maiores nemo est. Dolorem occaecati incidunt eveniet recusandae.',1,0,'2020-07-03 14:17:02'),(37,69,98,'Et mollitia quaerat magnam sed harum aspernatur neque. Rem voluptatibus exercitationem neque est dolor consequatur. Vitae veniam libero minus impedit voluptas in vero delectus.',0,1,'2016-04-05 11:07:57'),(38,18,41,'Aliquam est et quia repudiandae voluptatem. Voluptatem suscipit nostrum ducimus aut provident. Eveniet maxime dolorem adipisci perspiciatis incidunt esse.',0,0,'2018-04-23 11:58:44'),(39,25,87,'Officia enim consequatur illum aut. Consequatur dolore error sunt ut. Quia sit molestiae autem sed. Eos sunt veniam consequatur voluptas accusantium enim.',0,1,'2020-02-21 13:09:19'),(40,36,81,'Qui dolore recusandae iusto ratione. Enim quo nam eum facilis et. Eveniet ut rerum saepe cum. Ab voluptas hic et voluptatem corrupti earum sint pariatur.',0,0,'2011-11-10 02:40:59'),(41,10,49,'Quisquam voluptas provident id eum. Qui eaque voluptatem dolor et totam. Itaque nobis consequatur sequi et facere consectetur. Error amet et asperiores neque.',0,0,'2019-08-18 09:26:32'),(42,2,57,'Nostrum officiis a aut totam aliquid reprehenderit occaecati. Delectus et enim itaque et. Et iure sit hic molestias. Fuga quo accusantium consectetur voluptatem.',0,0,'2018-06-15 16:25:39'),(43,47,40,'Cum itaque repudiandae nisi eius placeat qui. Minus numquam omnis ratione sit voluptate architecto temporibus.',1,1,'2018-12-07 19:58:55'),(44,8,98,'Nihil aut provident temporibus doloribus iste. Commodi occaecati earum repudiandae quam repellendus.',1,1,'2018-03-14 12:39:31'),(45,41,95,'Ut qui aut at blanditiis. Et amet omnis molestias assumenda quia. Earum ut ducimus hic nam corporis.',0,0,'2013-02-28 11:46:50'),(46,36,65,'Illo facilis ex magni illo illum illum sed et. Vel quasi facere rem voluptas consequatur aut omnis. Dolores in quos voluptatibus.',1,1,'2018-08-14 04:15:27'),(47,98,33,'Aut assumenda voluptate esse sequi nulla et. Eum eligendi nemo illo nemo. Nemo debitis temporibus debitis aliquid.',1,1,'2020-09-30 07:02:12'),(48,11,8,'Unde odit dolores nostrum est optio possimus sed. Eligendi minus et est nemo et dolorum ut. Est dolores sed qui earum pariatur distinctio. Non aut repellendus cupiditate sapiente molestiae.',1,0,'2021-03-19 20:49:41'),(49,39,84,'Perspiciatis consequatur sunt non quia consectetur quo. Fugiat sed sunt culpa est dolore ad. Aut et facilis velit sapiente odit ex. Fuga quod vero recusandae deserunt.',1,0,'2017-05-11 04:25:43'),(50,69,83,'Itaque quibusdam aperiam et corrupti aut. Quia ipsa nesciunt nemo non cumque unde maxime. Voluptatem unde sapiente necessitatibus reprehenderit animi rem fuga.',0,0,'2020-10-04 07:07:44'),(51,57,67,'Dolorum nobis et magni vel impedit eos dolores. Hic sapiente corrupti molestias non voluptates dolores odio. Odit aliquam dicta neque id sed officia. Quisquam iusto sed iste autem qui reiciendis et.',0,0,'2014-08-21 02:17:24'),(52,96,10,'Non nihil dolorem nisi labore alias omnis. Quas aut rerum corrupti voluptas et et. Sunt commodi dicta deserunt blanditiis sit est aliquam. Quis laudantium ut dolorem sapiente.',1,0,'2015-05-24 01:27:17'),(53,49,80,'Rem consequuntur officiis incidunt. Quia sapiente ipsa inventore libero. Quaerat eveniet ut maiores cum sit.',1,1,'2011-11-01 05:47:22'),(54,37,21,'Incidunt quia nobis et fugit. Officia occaecati quaerat suscipit veniam qui natus omnis.',1,1,'2017-07-03 20:13:57'),(55,91,55,'Libero dolore et minima illum. Enim inventore fugit rerum aperiam non sit. Possimus nobis quo fuga minus. Aut harum blanditiis occaecati magni facilis debitis recusandae error.',0,0,'2020-04-23 09:19:23'),(56,17,40,'A fugit nulla alias adipisci minima nihil nesciunt. Accusamus eos consequatur ut qui. Eum dolores animi voluptatum incidunt sapiente ullam cumque.',1,0,'2012-07-13 03:09:42'),(57,6,83,'Architecto pariatur nemo rerum iusto placeat. Accusamus consectetur minus omnis debitis aliquid rerum. Assumenda deleniti molestiae sit sint.',0,0,'2020-12-19 03:04:13'),(58,14,25,'Dolore voluptatem vitae rerum. Quidem aut quo ut labore. Architecto dolores et est est animi. Unde aperiam explicabo molestiae dolor.',1,0,'2015-04-29 12:13:19'),(59,66,27,'Nam quis et ut sint in aut eos. Laborum sint tempore recusandae id voluptatem eaque.\nRerum modi animi mollitia quo ullam eaque. Non sit a dignissimos tenetur. Vero blanditiis molestias modi.',1,1,'2020-11-05 22:40:17'),(60,64,65,'In eos ratione est praesentium libero laborum. Et voluptatem consequatur qui molestiae voluptatem aspernatur. Magnam reprehenderit adipisci eos earum animi omnis voluptas.',0,0,'2014-05-17 23:35:26'),(61,23,12,'Sequi consectetur mollitia quo distinctio voluptate. Similique tenetur dicta sed aut et magni. Illum voluptatibus est quam ullam consequatur omnis quo. Atque placeat hic ipsa.',0,0,'2011-10-17 08:09:39'),(62,35,91,'Delectus voluptatem dolorem ut quia. Eligendi nobis temporibus eius quia est non.',0,1,'2012-09-08 17:19:45'),(63,14,32,'Enim qui maxime atque perferendis est soluta blanditiis. Omnis repellat rerum corporis voluptates laborum. Alias harum debitis voluptates sint fugiat. At sunt repellendus expedita ducimus.',1,1,'2013-12-05 16:48:50'),(64,22,52,'Earum facere qui officia blanditiis. Sit vero omnis quas et odio incidunt et. Eveniet delectus aut nulla omnis. Quos error beatae eos.',1,1,'2013-02-28 14:19:53'),(65,32,54,'Eum fugiat rem laudantium id doloribus at. Nisi sint ab saepe tenetur sit unde explicabo repellendus. Officia et eaque sed porro ut. Et impedit alias fugit dolores sit dolore magnam dicta.',0,0,'2012-06-25 13:30:07'),(66,54,2,'Quis quae et ratione. Sapiente earum quasi laborum quia id. Molestias inventore minima adipisci neque sunt voluptatem nihil. Reiciendis quod praesentium placeat voluptatem amet quia iusto.',0,0,'2018-06-14 13:27:33'),(67,38,9,'At officiis nihil repudiandae libero commodi. Accusantium alias et et aliquid quidem cumque fugit alias. Beatae iste non hic quidem.',1,1,'2019-09-13 15:06:45'),(68,39,45,'Vel velit consectetur voluptate enim quia et voluptatum quis. Et ad magnam vel et illo. Quae dolorem qui minus at impedit ipsam.',1,0,'2013-09-17 23:28:34'),(69,74,18,'Sint ipsam praesentium sit repellat. Aliquam asperiores est architecto dolor repudiandae. Sequi modi voluptatem quibusdam cupiditate cupiditate illo est.',1,1,'2016-11-26 07:54:46'),(70,1,6,'Molestiae delectus in perferendis nostrum at tempore tenetur ut. Facere vel in numquam in laboriosam beatae. Qui dignissimos eligendi sunt illum quidem sed. Est architecto culpa voluptatem eum rerum.',1,1,'2019-09-12 06:26:32'),(71,17,55,'Sed repudiandae ea veniam temporibus doloribus sequi. Molestiae aut sit et perferendis illo. Consequatur harum exercitationem sed quam id.\nId ut id repudiandae unde. Dolor magnam ut et.',1,0,'2012-03-26 02:57:56'),(72,97,15,'Et asperiores iste qui voluptatibus. Quis sequi vel incidunt sed illo vel. Qui earum sed eligendi eligendi.',1,1,'2012-02-03 19:44:48'),(73,34,61,'Et ut praesentium molestias necessitatibus illum cumque voluptatem. Ut nihil qui necessitatibus omnis. Porro consequuntur voluptas quas voluptatem.',1,1,'2016-10-08 15:00:27'),(74,59,61,'Doloremque maiores fuga veniam reprehenderit quae provident explicabo. Deserunt amet ut non rerum. Facilis non qui neque ut et. Pariatur omnis sit veritatis velit ea consequuntur.',1,1,'2011-05-08 03:14:21'),(75,78,72,'Aut labore est temporibus qui laborum dignissimos doloribus. Quidem quaerat error libero rem sit illo. Assumenda totam aut cumque a quia inventore.',1,1,'2014-04-24 11:54:52'),(76,94,76,'Dolorem nobis totam ut. Dolorem et at voluptatibus dolorum dignissimos est quos at. Officiis culpa vero soluta repellendus ratione accusantium quos. Soluta laboriosam ad aspernatur rerum non illo.',0,0,'2016-08-27 10:25:17'),(77,20,92,'Cum eaque nostrum enim earum qui minus illo omnis. Dolore omnis praesentium quo et et rerum vitae. Porro ut voluptas nihil. Delectus repellat qui voluptatem doloremque atque eum.',1,1,'2015-02-27 17:22:43'),(78,96,29,'Commodi illo ad tempora occaecati sint itaque. Corrupti quisquam minus est magni.',1,0,'2016-02-05 08:27:38'),(79,49,79,'Nostrum ut minus earum quia magnam ipsa. Est voluptatibus qui vitae modi iure sit. Eius voluptatem non iste in ducimus debitis.',0,1,'2021-01-02 17:45:10'),(80,62,33,'Laudantium sint voluptate magni voluptatem similique est. Ad repudiandae blanditiis iure.',1,0,'2013-05-15 11:59:30'),(81,52,34,'Libero et consequatur voluptatem ut voluptate eligendi illum. Aut incidunt sunt explicabo. Qui cupiditate occaecati ipsum aliquam aspernatur et.',0,1,'2015-04-15 15:38:30'),(82,16,95,'Voluptatem sit et sint ut repudiandae. Explicabo aliquid asperiores eveniet ut. Quae animi et ratione qui. Soluta earum et illo rerum tenetur itaque. Commodi aut veniam repellendus aliquam.',0,1,'2015-12-31 08:33:10'),(83,36,2,'Excepturi cupiditate aliquid praesentium recusandae ut commodi. Et provident hic est cupiditate velit. Quasi rerum quibusdam est molestiae et eius minima dignissimos.',0,1,'2013-01-29 10:51:05'),(84,6,88,'Provident optio veniam consequatur dolor aliquid repellat. Voluptates et amet temporibus et laboriosam voluptatem saepe. Labore mollitia officiis veniam sit qui omnis.',1,1,'2020-08-17 10:17:16'),(85,13,76,'Earum qui et repellendus facilis voluptas voluptatem qui. Est quidem voluptates modi facilis. Quae laudantium nihil qui nobis officiis alias deleniti sit. Recusandae sapiente enim et eos minima sunt.',0,1,'2014-10-17 20:39:13'),(86,38,84,'Qui magni facilis et fugiat. Et officia eius aut qui vitae magnam. Blanditiis pariatur consectetur ducimus et eos.',0,1,'2018-12-13 11:34:32'),(87,78,75,'Qui quas provident soluta et ipsum. Natus quidem ipsum consequatur ea non. Et voluptas dolores est atque est et et aliquid. Repellat dolor dolorem alias ut et laborum.',0,1,'2011-10-27 17:26:42'),(88,17,74,'Ratione ipsa sed ut ad. Delectus sed sed consectetur est velit ratione. Ratione omnis in quisquam eaque natus. Nihil laudantium doloremque ut accusantium.',0,0,'2012-02-01 20:17:43'),(89,25,1,'Sed perspiciatis quasi fugit cumque eos reiciendis beatae. Non ut necessitatibus et id tempora sit eum. Veniam quia delectus adipisci voluptas quae qui et.',1,1,'2015-03-10 05:13:47'),(90,68,86,'Et consequatur explicabo explicabo non. Architecto animi est tempora nobis. Nihil eos cum est alias debitis. Totam soluta ut modi quos.',1,0,'2013-08-26 19:54:04'),(91,6,2,'Aperiam occaecati iure earum illum autem placeat. Excepturi non maxime odit.',0,0,'2012-06-28 06:56:29'),(92,6,89,'Ex quibusdam ab corporis repellendus. Occaecati ut ab dolore nesciunt provident officiis. Tenetur et quisquam recusandae provident voluptas et.',0,1,'2012-11-19 04:38:02'),(93,95,5,'Non quia tempore accusamus consequatur corrupti sunt rerum inventore. Esse ut temporibus a. Inventore recusandae ea cupiditate ut consectetur ea.',1,1,'2016-01-19 21:57:37'),(94,65,76,'Quod vero molestiae asperiores error enim quae voluptatem itaque. Ab vel quod deleniti quaerat tempora. Aliquam alias inventore aut quia consequuntur asperiores ab.',1,0,'2011-06-05 15:40:39'),(95,31,87,'Nulla sit ex eligendi quia ducimus reiciendis. Ut minus quo aperiam suscipit. Consectetur in sunt dolores maxime soluta.',0,1,'2016-05-11 18:51:29'),(96,37,71,'Et aliquid deleniti in illo laboriosam recusandae. Odio ut adipisci quia tempore. Explicabo voluptatem quo aut quasi qui. Consequatur sed vero molestiae porro perferendis.',1,1,'2015-12-24 14:46:03'),(97,32,73,'Sequi id maiores ut et. Consequuntur doloremque laborum id aut in et saepe. Vero dolore qui eum doloremque officiis vel.',1,0,'2019-04-29 02:18:57'),(98,74,90,'Tempore blanditiis ad eius sed. In placeat sed blanditiis molestiae. Et repellendus dolorem quia quia consequatur animi. Sed cumque aperiam enim excepturi.',1,0,'2014-08-15 12:36:44'),(99,36,27,'Sed excepturi consequuntur eaque cum unde veritatis molestias quaerat. Quaerat et architecto architecto veniam assumenda non. Ipsa molestiae enim voluptatem temporibus.',0,0,'2014-07-03 03:02:26'),(100,16,66,'Et ut aut fugiat quis et qui corporis quia. Maiores tempore explicabo placeat. Repellat molestiae aut quia omnis amet. Rerum nemo aut inventore temporibus eaque perspiciatis eveniet.',1,0,'2012-07-07 08:27:55');
/*!40000 ALTER TABLE `messages` ENABLE KEYS */;
UNLOCK TABLES;

--
-- Table structure for table `profiles`
--

DROP TABLE IF EXISTS `profiles`;
/*!40101 SET @saved_cs_client     = @@character_set_client */;
/*!50503 SET character_set_client = utf8mb4 */;
CREATE TABLE `profiles` (
  `user_id` int unsigned NOT NULL,
  `gender` enum('m','f') COLLATE utf8mb4_unicode_ci DEFAULT NULL,
  `city` varchar(150) CHARACTER SET utf8mb4 COLLATE utf8mb4_unicode_ci NOT NULL,
  `country` varchar(150) CHARACTER SET utf8mb4 COLLATE utf8mb4_unicode_ci NOT NULL,
  `created_at` datetime DEFAULT CURRENT_TIMESTAMP,
  `updated_at` datetime DEFAULT CURRENT_TIMESTAMP ON UPDATE CURRENT_TIMESTAMP,
  PRIMARY KEY (`user_id`)
) ENGINE=InnoDB DEFAULT CHARSET=utf8mb4 COLLATE=utf8mb4_unicode_ci;
/*!40101 SET character_set_client = @saved_cs_client */;

--
-- Dumping data for table `profiles`
--

LOCK TABLES `profiles` WRITE;
/*!40000 ALTER TABLE `profiles` DISABLE KEYS */;
INSERT INTO `profiles` VALUES (1,'m','Douglasmouth','Guadeloupe','2019-12-22 15:27:19','2021-04-24 17:51:54'),(2,'f','Okunevaville','Suriname','2014-08-11 04:56:52','2019-11-17 02:17:28'),(3,'m','North Xzavierbury','Croatia','2013-02-08 04:11:19','2016-11-02 08:11:01'),(4,'m','Lake Unaview','Pakistan','2013-06-30 22:54:10','2013-10-02 02:24:34'),(5,'m','South Velmafurt','Lebanon','2013-07-16 08:21:13','2016-08-31 10:04:54'),(6,'m','Alexysberg','Mongolia','2015-05-19 17:35:56','2019-11-22 12:21:19'),(7,'f','North Sherwoodbury','Djibouti','2019-05-27 10:29:22','2021-04-24 17:51:54'),(8,'m','West Kareemview','Mauritania','2016-09-21 10:30:03','2020-09-13 18:33:08'),(9,'f','Port Dylanport','Bouvet Island (Bouvetoya)','2012-06-09 11:42:44','2014-06-16 15:33:09'),(10,'f','Port Angel','Bhutan','2020-06-24 15:43:43','2020-12-09 07:32:20'),(11,'m','Alaynaview','Holy See (Vatican City State)','2016-09-27 15:49:07','2020-05-04 02:38:50'),(12,'f','West Enatown','Qatar','2018-11-17 00:35:54','2021-04-24 17:51:54'),(13,'f','Spencershire','Tuvalu','2018-10-08 17:04:41','2021-04-24 17:51:54'),(14,'m','Boganstad','Sweden','2015-06-05 05:00:13','2021-04-24 17:51:54'),(15,'f','Adolphusmouth','Norfolk Island','2017-08-05 13:56:52','2020-11-05 14:51:16'),(16,'f','Stiedemannburgh','Ukraine','2013-05-02 01:30:47','2019-05-27 03:24:32'),(17,'m','East Chynafurt','Mayotte','2012-06-28 14:42:37','2018-02-07 18:06:11'),(18,'m','East Celestine','Bahrain','2013-10-07 04:28:17','2019-12-15 12:49:33'),(19,'f','Mooreberg','Somalia','2021-01-19 02:09:51','2021-04-24 17:51:54'),(20,'m','Port Billie','Madagascar','2020-09-13 19:26:58','2021-04-24 17:51:54'),(21,'m','New Williestad','British Indian Ocean Territory (Chagos Archipelago)','2019-04-10 04:21:08','2019-12-21 02:14:20'),(22,'f','West Reina','Saint Kitts and Nevis','2013-12-30 20:38:33','2021-04-24 17:51:54'),(23,'f','Lake Lennyberg','Palau','2014-12-15 11:24:46','2021-04-24 17:51:54'),(24,'m','New Rainahaven','Antarctica (the territory South of 60 deg S)','2020-10-15 12:15:43','2021-04-24 17:51:54'),(25,'f','North Lizeth','Netherlands Antilles','2017-04-13 02:49:30','2021-04-24 17:51:54'),(26,'f','Port Rosaleetown','Myanmar','2014-02-21 13:07:28','2015-08-11 02:51:22'),(27,'m','East Victorberg','French Southern Territories','2020-08-28 22:06:26','2021-04-24 17:51:54'),(28,'m','Wymanland','Ukraine','2015-03-28 17:20:24','2021-02-10 02:50:23'),(29,'f','New Carole','Libyan Arab Jamahiriya','2016-10-28 03:57:29','2017-07-09 17:50:32'),(30,'m','New Kirstin','Mali','2016-07-27 19:49:31','2021-04-24 17:51:54'),(31,'f','Tillmanside','Saint Kitts and Nevis','2011-09-28 15:28:46','2018-07-29 14:11:56'),(32,'m','Barrettside','Sao Tome and Principe','2014-06-06 16:26:30','2018-03-09 17:36:50'),(33,'m','Port Spencerbury','United States Virgin Islands','2017-10-07 14:09:39','2018-08-20 16:23:11'),(34,'m','Laurenceberg','Colombia','2020-11-23 18:22:18','2021-04-24 17:51:54'),(35,'m','Mosciskichester','Botswana','2016-11-26 20:01:49','2021-04-24 17:51:54'),(36,'f','New Aidantown','Colombia','2011-12-08 12:39:51','2017-11-17 13:26:29'),(37,'f','Port Zettahaven','United States Virgin Islands','2012-11-25 20:53:42','2017-08-11 03:59:50'),(38,'m','Marieview','Netherlands','2019-10-17 13:15:48','2021-04-24 17:51:54'),(39,'m','Colleenstad','Kyrgyz Republic','2017-09-15 16:03:57','2021-04-24 17:51:54'),(40,'m','New Gavin','Mauritius','2011-12-03 18:10:48','2018-03-07 08:14:24'),(41,'m','Beerchester','Bermuda','2016-07-15 05:32:48','2021-04-24 17:51:54'),(42,'f','West Kingborough','United States Virgin Islands','2021-03-12 03:42:38','2021-04-24 17:51:54'),(43,'f','Andersonchester','United States Virgin Islands','2012-04-27 10:59:09','2014-07-02 13:47:58'),(44,'f','Lindsayton','Madagascar','2021-02-03 15:51:29','2021-04-24 17:51:54'),(45,'f','South Agnes','Iraq','2017-10-06 09:20:15','2021-04-24 17:51:54'),(46,'f','Leoniemouth','Falkland Islands (Malvinas)','2019-12-09 09:30:56','2021-04-24 17:51:54'),(47,'f','New Nicolette','Bouvet Island (Bouvetoya)','2020-03-23 05:50:34','2021-04-24 17:51:54'),(48,'f','Millsborough','Algeria','2013-05-29 09:22:04','2021-04-24 17:51:54'),(49,'f','McDermottbury','Luxembourg','2015-02-23 18:15:05','2016-03-28 04:47:51'),(50,'m','Scotbury','Wallis and Futuna','2017-02-22 18:51:30','2021-04-24 17:51:54'),(51,'f','Douglasborough','Angola','2020-02-07 07:03:55','2021-04-24 17:51:54'),(52,'m','Jaimeland','Kyrgyz Republic','2014-02-23 13:08:57','2017-10-31 09:05:06'),(53,'f','Harberborough','Sao Tome and Principe','2014-03-30 05:00:56','2016-07-18 15:15:08'),(54,'m','Gerholdport','Guadeloupe','2018-10-10 22:45:36','2020-05-19 04:07:55'),(55,'m','Donnatown','Croatia','2019-04-10 23:49:57','2019-05-23 01:44:30'),(56,'m','New Janelleland','Chad','2012-04-11 09:03:39','2014-10-03 00:10:43'),(57,'f','Muellerberg','Aruba','2011-12-21 15:16:11','2019-10-10 18:49:30'),(58,'f','Nienowton','Guinea','2021-01-11 17:22:45','2021-04-24 17:51:54'),(59,'m','East Thorastad','Lesotho','2017-07-17 08:55:23','2021-04-24 17:51:54'),(60,'f','New Rowland','Latvia','2014-12-27 19:38:18','2021-04-24 17:51:54'),(61,'m','Grantfurt','Angola','2017-03-14 14:01:33','2021-04-24 17:51:54'),(62,'f','Marvinburgh','United States Minor Outlying Islands','2020-02-08 04:27:33','2021-04-24 17:51:54'),(63,'f','New Corrine','Switzerland','2019-01-25 01:01:17','2021-04-24 17:51:54'),(64,'f','Schuppetown','Spain','2019-03-24 07:47:08','2021-04-24 17:51:54'),(65,'m','North Rylee','Malaysia','2019-10-15 09:38:40','2020-01-11 13:47:43'),(66,'f','West Jayne','Bangladesh','2017-06-06 08:59:41','2021-04-24 17:51:54'),(67,'m','Harmonyburgh','Bhutan','2012-09-09 04:10:01','2021-04-24 17:51:54'),(68,'m','Wilkinsonberg','Albania','2020-04-19 07:58:04','2021-04-24 17:51:54'),(69,'f','Port Muhammad','Comoros','2013-03-03 00:46:45','2013-12-10 05:43:47'),(70,'f','Lueilwitzshire','Greenland','2015-06-05 12:55:42','2019-11-09 05:34:48'),(71,'m','Port Daxfort','Tuvalu','2020-03-13 16:18:31','2021-04-24 17:51:54'),(72,'m','North Karinamouth','Iceland','2019-10-21 01:29:27','2021-04-24 17:51:54'),(73,'m','Swiftburgh','Comoros','2012-06-20 11:34:27','2021-04-24 17:51:54'),(74,'f','Kingport','Albania','2018-11-04 09:42:16','2020-09-21 05:36:36'),(75,'m','North Ally','Guadeloupe','2012-10-03 01:05:24','2018-10-13 11:42:54'),(76,'m','Hymanshire','Costa Rica','2014-12-18 09:48:43','2021-04-24 17:51:54'),(77,'m','Miguelmouth','Kyrgyz Republic','2017-08-29 04:07:18','2021-04-24 17:51:54'),(78,'m','Greenfelderbury','Iraq','2011-07-27 20:54:08','2013-11-11 05:47:27'),(79,'f','Baumbachport','United States Virgin Islands','2013-07-09 09:12:55','2021-04-24 17:51:54'),(80,'m','Hoegerfurt','Sierra Leone','2014-12-09 13:42:19','2019-07-16 20:13:31'),(81,'m','Lindfort','United States of America','2020-06-28 13:24:37','2021-03-07 09:39:32'),(82,'f','East Nameborough','Namibia','2019-04-20 21:39:40','2021-04-24 17:51:54'),(83,'f','South Justina','Romania','2019-11-27 05:17:58','2021-04-24 17:51:54'),(84,'m','Marionport','Myanmar','2020-12-03 01:42:39','2021-04-24 17:51:54'),(85,'m','Port Amelie','Ireland','2019-03-18 02:49:50','2021-04-24 17:51:54'),(86,'f','Abigayleberg','Liechtenstein','2012-03-16 06:29:55','2021-04-24 17:51:54'),(87,'m','Stewartshire','New Caledonia','2020-09-22 17:55:01','2021-04-24 17:51:54'),(88,'m','Alvaborough','Saint Lucia','2017-08-28 08:16:50','2019-02-05 23:23:27'),(89,'f','Estamouth','Central African Republic','2016-07-18 14:48:36','2021-04-24 17:51:54'),(90,'m','Lake Shawna','Tunisia','2016-11-06 22:25:26','2018-10-11 20:16:49'),(91,'m','Lake Sonya','Jamaica','2011-10-23 10:25:22','2013-05-16 11:23:57'),(92,'f','West Americostad','Cuba','2014-08-17 22:51:34','2019-04-03 08:08:06'),(93,'f','Orlotown','Saint Martin','2016-02-21 03:05:29','2016-12-13 13:11:02'),(94,'m','Lebsackfort','Egypt','2013-02-19 07:33:23','2017-10-23 04:46:46'),(95,'m','O\'Connerland','Netherlands','2020-07-18 20:04:45','2021-04-24 17:51:54'),(96,'m','Port Guadalupe','Cape Verde','2020-12-21 21:26:10','2021-04-24 17:51:54'),(97,'f','Aliciatown','Australia','2017-05-11 17:57:03','2021-04-24 17:51:54'),(98,'f','South Goldaland','Holy See (Vatican City State)','2018-04-21 05:59:00','2020-11-24 07:11:50'),(99,'f','Port Reanna','Dominica','2013-06-15 21:44:34','2019-08-21 01:51:23'),(100,'f','Lake Lincolnbury','American Samoa','2017-11-08 03:46:02','2021-04-24 17:51:54');
/*!40000 ALTER TABLE `profiles` ENABLE KEYS */;
UNLOCK TABLES;

--
-- Table structure for table `users`
--

DROP TABLE IF EXISTS `users`;
/*!40101 SET @saved_cs_client     = @@character_set_client */;
/*!50503 SET character_set_client = utf8mb4 */;
CREATE TABLE `users` (
  `id` int unsigned NOT NULL AUTO_INCREMENT,
  `first_name` varchar(150) CHARACTER SET utf8mb4 COLLATE utf8mb4_unicode_ci NOT NULL,
  `last_name` varchar(150) CHARACTER SET utf8mb4 COLLATE utf8mb4_unicode_ci NOT NULL,
  `email` varchar(150) CHARACTER SET utf8mb4 COLLATE utf8mb4_unicode_ci NOT NULL,
  `phone` varchar(30) CHARACTER SET utf8mb4 COLLATE utf8mb4_unicode_ci NOT NULL,
  `created_at` datetime DEFAULT CURRENT_TIMESTAMP,
  `updated_at` datetime DEFAULT CURRENT_TIMESTAMP ON UPDATE CURRENT_TIMESTAMP,
  PRIMARY KEY (`id`),
  UNIQUE KEY `email` (`email`),
  UNIQUE KEY `phone` (`phone`)
) ENGINE=InnoDB AUTO_INCREMENT=101 DEFAULT CHARSET=utf8mb4 COLLATE=utf8mb4_unicode_ci;
/*!40101 SET character_set_client = @saved_cs_client */;

--
-- Dumping data for table `users`
--

LOCK TABLES `users` WRITE;
/*!40000 ALTER TABLE `users` DISABLE KEYS */;
INSERT INTO `users` VALUES (1,'Lorenza','Sawayn','aiyana.hodkiewicz@hotmail.com','1-771-882-3080x843','2018-08-01 07:17:40','2019-11-29 04:28:25'),(2,'Melvin','Armstrong','eldred45@yahoo.com','1-746-678-6024','2021-01-02 18:58:56','2021-04-24 17:41:09'),(3,'Zackary','Morissette','konopelski.mikayla@kreiger.com','+15(6)2024065809','2016-07-28 02:01:54','2019-03-31 02:31:29'),(4,'Garfield','Powlowski','brain44@hotmail.com','697.289.9512x6171','2011-09-01 07:13:53','2019-08-19 00:54:13'),(5,'Name','Fay','hhermann@mcdermott.info','836-587-6125x13258','2020-01-23 17:49:25','2021-04-24 17:41:09'),(6,'Jonathon','Schimmel','bfisher@gmail.com','00991322499','2019-01-29 20:05:04','2021-04-24 17:41:09'),(7,'Eli','Emmerich','trey.kautzer@hotmail.com','(238)762-0134x0311','2015-11-13 21:55:03','2019-07-29 13:55:20'),(8,'Reymundo','Howe','keichmann@batz.com','143.714.2878x55853','2013-03-20 17:16:29','2017-02-25 12:42:55'),(9,'Juliana','Cassin','taya.sporer@hotmail.com','1-559-676-8340x56999','2017-04-01 20:57:32','2021-04-24 17:41:09'),(10,'Margret','Heidenreich','maggio.elta@hettinger.com','1-882-586-7963x18545','2016-01-29 12:56:53','2021-04-24 17:41:09'),(11,'Justina','Hintz','lind.cloyd@yahoo.com','879-852-7046','2012-09-29 19:53:01','2017-09-18 21:19:38'),(12,'Jadyn','Waelchi','esperanza52@gmail.com','(204)908-4816x25716','2011-04-20 10:07:43','2015-10-16 10:45:50'),(13,'Addison','Dach','wmarks@carter.com','386-433-1362x8645','2019-05-31 10:55:37','2021-04-24 17:41:09'),(14,'Vaughn','Welch','jjohnston@strosin.com','1-596-583-0104','2014-07-04 00:28:33','2021-04-24 17:41:09'),(15,'Yasmine','Welch','littel.brody@swiftprice.com','02101534533','2018-07-14 18:05:12','2019-01-20 00:16:37'),(16,'Gerardo','Lowe','kutch.forest@hotmail.com','+81(6)2076577929','2018-06-07 11:11:56','2021-04-24 17:41:09'),(17,'Laurianne','Schoen','layne.gerlach@hyattmarks.com','(670)612-1061x543','2015-11-29 02:15:11','2021-04-24 17:41:09'),(18,'Arvilla','Runte','nolan.anjali@hermantowne.com','400-319-7160x260','2017-12-20 12:41:03','2021-04-24 17:41:09'),(19,'Pinkie','Pfeffer','lottie.bosco@schambergerschultz.com','565.217.5943x8431','2015-03-02 07:14:07','2021-04-24 17:41:09'),(20,'Delfina','Langworth','albert11@kleinwilderman.com','04078425265','2014-07-11 00:00:35','2021-04-24 17:41:09'),(21,'Terry','Cummerata','murazik.wilson@okeefe.com','070.173.3816x693','2020-10-27 20:26:48','2021-04-24 17:41:09'),(22,'Trevor','Wisozk','coralie58@olson.com','+46(3)9307373184','2012-09-07 23:46:00','2020-02-21 15:21:28'),(23,'Abbie','VonRueden','brent22@ward.com','233.513.9284x912','2014-11-21 00:12:49','2021-04-24 17:41:09'),(24,'Destany','Gerlach','bleannon@connellylockman.com','(859)111-2736x913','2020-01-27 16:42:15','2020-03-22 11:23:35'),(25,'Kiley','Williamson','kuhn.milford@jenkins.net','07585637124','2015-09-09 12:54:56','2018-05-23 06:34:40'),(26,'Dolly','Runolfsdottir','roob.pat@homenick.com','1-675-489-4894','2017-06-11 09:35:11','2021-04-24 17:41:09'),(27,'Mia','Rodriguez','prosacco.jacques@yahoo.com','860.634.7728x73776','2015-12-11 19:18:38','2016-09-26 05:26:16'),(28,'Larissa','Haag','mondricka@hagenestreutel.info','1-147-653-3223','2018-11-14 10:31:09','2021-04-24 17:41:09'),(29,'Catharine','Raynor','amaya.reinger@hotmail.com','03098196222','2016-12-07 21:59:46','2021-04-24 17:41:09'),(30,'Vaughn','Boehm','davion20@friesen.com','1-451-929-8755','2016-11-09 13:47:51','2020-03-23 03:08:57'),(31,'Meta','Conroy','denesik.kariane@yahoo.com','(972)643-1998','2015-07-30 10:28:48','2021-04-24 17:41:09'),(32,'Tate','Emmerich','bosco.taryn@gmail.com','1-569-621-0630x3899','2018-06-07 13:29:29','2020-06-23 01:52:04'),(33,'Hollie','Jaskolski','dayna.pfeffer@donnellypagac.net','1-094-592-7431','2015-03-04 04:32:48','2021-04-24 17:41:09'),(34,'Maybell','Donnelly','lavonne22@howe.biz','813-654-1192x16668','2019-11-03 00:46:50','2021-01-19 19:30:23'),(35,'Martine','Hackett','christiansen.ignatius@hotmail.com','690-038-4069','2016-10-27 02:36:53','2021-04-24 17:41:09'),(36,'Gillian','Paucek','rblick@hotmail.com','(983)931-6402','2021-03-09 01:32:24','2021-04-24 17:41:09'),(37,'Alessandro','Jerde','kohler.jaylin@bogisich.net','1-432-023-4935x94143','2019-01-01 12:33:10','2020-12-14 03:48:57'),(38,'Bill','Lubowitz','marion14@kunze.com','958.710.4948x732','2016-02-20 04:14:40','2018-03-06 21:56:11'),(39,'Athena','Stark','shammes@littel.com','187.161.0372','2020-01-11 12:38:02','2020-12-08 01:24:02'),(40,'Chandler','Brekke','gklein@hotmail.com','251.195.3739','2013-04-24 01:49:14','2014-01-29 14:04:08'),(41,'Chelsey','Windler','ivory.bruen@yahoo.com','(499)920-7940','2011-10-14 04:47:03','2020-01-12 07:09:51'),(42,'Lavada','Hand','leonor.homenick@gmail.com','05291154884','2016-01-09 13:33:01','2021-04-24 17:41:09'),(43,'Elouise','Mitchell','vleffler@crona.info','1-065-759-6818x9167','2016-01-26 03:44:50','2019-11-01 20:34:24'),(44,'Ines','Moen','coleman65@yahoo.com','+96(1)5337070613','2020-04-18 13:22:19','2021-02-22 06:53:57'),(45,'Gudrun','Leannon','hankunding@grant.org','1-138-465-7880','2017-03-28 18:16:10','2020-08-31 03:02:03'),(46,'Pamela','Davis','jdibbert@ullrich.biz','03875669104','2020-12-28 14:53:52','2021-04-24 17:41:09'),(47,'Jayce','Heidenreich','travis.lebsack@gmail.com','397.823.1372','2012-10-13 04:06:51','2014-05-08 02:28:24'),(48,'Dallas','Nikolaus','katlynn.leffler@gmail.com','311-541-5982x2439','2014-06-25 10:31:12','2020-02-26 09:01:05'),(49,'Newell','McGlynn','abernathy.haley@gmail.com','455-558-8628x0576','2019-08-14 12:44:31','2021-04-24 17:41:09'),(50,'Gerda','Howell','lucius.cronin@jakubowski.info','841-893-2267x4058','2011-11-10 14:06:37','2012-05-19 09:46:53'),(51,'Julianne','Gislason','wehner.tabitha@yahoo.com','(070)759-9801','2017-08-25 12:24:58','2021-04-24 17:41:09'),(52,'Brook','Crona','justus.breitenberg@quigley.org','582-297-0304x07835','2013-12-12 19:30:26','2016-09-13 22:57:38'),(53,'Sidney','Thompson','miller.dixie@gmail.com','1-183-103-1845x290','2019-05-02 14:16:22','2020-10-21 13:45:59'),(54,'Carol','Harvey','armstrong.lottie@hotmail.com','02155692798','2017-08-03 23:50:20','2021-04-24 17:41:09'),(55,'Maryse','Mohr','lia86@morissette.com','08535147287','2017-07-02 11:59:02','2021-04-24 17:41:09'),(56,'Lelah','Kuhn','brice69@hotmail.com','(336)125-0941x561','2019-09-17 13:06:18','2021-04-24 17:41:09'),(57,'Jaylon','Schneider','trantow.tito@yahoo.com','(893)154-6710x5574','2021-04-16 00:34:16','2021-04-24 17:41:09'),(58,'Sigrid','Hodkiewicz','slind@okeefe.com','316-509-8174x53312','2016-10-27 17:35:29','2021-04-24 17:41:09'),(59,'Kiana','VonRueden','lkuvalis@huelsmonahan.org','(905)353-1398x602','2017-08-31 10:50:36','2021-04-24 17:41:09'),(60,'Neva','Buckridge','yhills@kunde.biz','00960527826','2017-04-18 07:23:12','2021-04-24 17:41:09'),(61,'Stone','Douglas','anais.lind@hotmail.com','1-748-196-4200','2011-06-15 18:33:13','2012-07-03 17:48:25'),(62,'Daphne','Stamm','verdman@kessler.biz','09750342057','2018-02-09 04:34:40','2021-04-24 17:41:09'),(63,'Hermann','Mills','tkonopelski@hotmail.com','1-005-713-1369','2016-10-06 03:38:05','2021-04-24 17:41:09'),(64,'Priscilla','Erdman','jkunde@gmail.com','760-210-7682','2019-03-27 05:13:36','2021-04-24 17:41:09'),(65,'Syble','Simonis','bernardo16@wilkinson.biz','373-707-2638x72562','2013-11-01 08:36:43','2019-04-13 19:09:43'),(66,'Mallie','Heaney','parker.maida@yahoo.com','(557)801-1395x64911','2014-04-01 13:32:37','2020-07-10 00:54:38'),(67,'Amari','Pouros','dkrajcik@yahoo.com','02316682221','2011-07-20 00:43:59','2020-12-06 14:51:52'),(68,'Michael','Price','wyatt42@bernhard.com','296.554.5175x54544','2015-07-29 16:25:34','2016-11-11 09:18:06'),(69,'Alivia','Kuhlman','kathryne.hagenes@hotmail.com','1-716-079-9006','2017-11-03 02:56:07','2021-04-24 17:41:09'),(70,'Prudence','Schuppe','jjast@hartmannspinka.biz','553-442-5309x8073','2020-07-19 20:59:46','2021-04-24 17:41:09'),(71,'Lula','Reichert','purdy.mollie@haag.com','(348)875-3010','2013-03-17 22:26:44','2016-04-16 18:04:38'),(72,'Elliot','Little','swaniawski.kamron@hotmail.com','729.536.3583','2011-09-01 18:00:26','2012-06-11 09:30:38'),(73,'Sophie','Schiller','ezemlak@torphy.com','(371)521-7323','2012-11-30 17:45:11','2017-11-09 18:55:42'),(74,'Roberta','Dicki','hamill.abbey@gmail.com','1-364-048-9847x0054','2015-12-26 01:33:32','2020-01-04 05:57:07'),(75,'Anna','Bruen','shoeger@gmail.com','401.638.0920x19068','2020-02-12 19:40:43','2021-04-24 17:41:09'),(76,'Dion','Lesch','jcruickshank@schaden.com','1-436-060-8281x1155','2020-07-20 22:17:32','2021-04-24 17:41:09'),(77,'Misael','McLaughlin','ahartmann@runte.com','(411)877-7864x2100','2011-09-04 16:16:36','2015-02-17 18:13:31'),(78,'Paula','Towne','harvey.pierce@hotmail.com','+60(3)0648933917','2021-04-04 10:15:10','2021-04-24 17:41:09'),(79,'Dena','Emmerich','jackson16@gmail.com','00450534781','2017-10-22 16:28:46','2018-02-05 14:22:06'),(80,'Jaime','Grady','bryon34@schultz.com','401-068-6502x567','2013-11-09 04:20:08','2021-04-24 17:41:09'),(81,'Ariel','Bashirian','morissette.elmer@yahoo.com','243-280-5181x6639','2013-12-10 13:43:57','2014-06-09 02:01:35'),(82,'Audreanne','Steuber','lschowalter@mayert.info','836-697-8963x27364','2020-06-23 17:31:57','2021-04-24 17:41:09'),(83,'Eleanora','Gerlach','berdman@hotmail.com','142-479-3854x1853','2015-08-15 01:18:44','2017-07-27 01:36:35'),(84,'Marilou','Hand','hmills@wintheiser.com','990-296-7254x94105','2017-04-19 22:17:19','2021-04-24 17:41:09'),(85,'Mylene','Kassulke','dmcdermott@yahoo.com','03081032908','2014-06-09 21:57:48','2017-02-10 03:08:59'),(86,'Melyssa','Zulauf','annie82@lehnerboehm.com','1-459-088-6116x15669','2012-11-24 19:50:29','2014-02-05 23:23:25'),(87,'Wayne','Cormier','jamie86@gmail.com','352-590-7329x78381','2016-10-12 06:21:24','2021-04-24 17:41:09'),(88,'Merlin','Stracke','pearline.boyle@heller.info','(312)945-4092','2019-10-22 13:57:16','2021-04-24 17:41:09'),(89,'Eleanore','Ernser','stokes.jeromy@mullerparker.com','844.473.4196','2015-10-01 22:34:41','2018-12-01 08:57:38'),(90,'Adolphus','Goodwin','yazmin82@howellthompson.com','+60(4)8661871792','2017-10-11 17:08:26','2021-04-24 17:41:09'),(91,'Nickolas','Ebert','leone.hintz@weissnatziemann.biz','1-284-921-4591x611','2016-11-16 03:36:31','2020-09-02 23:44:45'),(92,'Ruben','Zemlak','margaretta.hessel@hotmail.com','742.047.8382','2019-12-03 12:15:10','2021-04-24 17:41:09'),(93,'Seth','Maggio','sgoodwin@yahoo.com','(264)273-1124','2015-09-07 21:34:49','2021-04-24 17:41:09'),(94,'Cornell','Rempel','alexa.ortiz@rippin.com','885-619-0201','2020-08-18 09:58:19','2021-04-24 17:41:09'),(95,'Bridgette','Huels','carolyn.marvin@collierbauch.com','1-616-250-9801x217','2018-09-01 01:30:56','2019-02-19 08:22:49'),(96,'Lina','Stark','kautzer.herminio@yahoo.com','09916813044','2018-08-03 12:59:38','2021-04-24 17:41:09'),(97,'Muriel','Runolfsson','ehuels@gmail.com','07631437989','2020-09-03 01:50:38','2021-04-24 17:41:09'),(98,'Hazle','Donnelly','earl.abshire@hotmail.com','+24(5)4934747606','2020-05-01 13:49:22','2021-04-24 17:41:09'),(99,'Garett','Lockman','tyrell49@haley.biz','(551)441-6339x5105','2011-06-04 22:54:15','2017-11-03 18:04:33'),(100,'Brielle','D\'Amore','owen.stoltenberg@little.net','(444)605-2313','2016-09-25 21:02:24','2021-04-24 17:41:09');
/*!40000 ALTER TABLE `users` ENABLE KEYS */;
UNLOCK TABLES;
/*!40103 SET TIME_ZONE=@OLD_TIME_ZONE */;

/*!40101 SET SQL_MODE=@OLD_SQL_MODE */;
/*!40014 SET FOREIGN_KEY_CHECKS=@OLD_FOREIGN_KEY_CHECKS */;
/*!40014 SET UNIQUE_CHECKS=@OLD_UNIQUE_CHECKS */;
/*!40101 SET CHARACTER_SET_CLIENT=@OLD_CHARACTER_SET_CLIENT */;
/*!40101 SET CHARACTER_SET_RESULTS=@OLD_CHARACTER_SET_RESULTS */;
/*!40101 SET COLLATION_CONNECTION=@OLD_COLLATION_CONNECTION */;
/*!40111 SET SQL_NOTES=@OLD_SQL_NOTES */;

-- Dump completed on 2021-04-24 19:24:31
